1,27.348,116434760,22196.138,45.818,0.026501767,0.008,0.010855689,0.002245884,97680
2,21.336,50746752,11402.06,28.867,0.020318021,0.008,0.006932732,0.002049668,57664
3,34.065,251810800,37697.911,65.603,0.033568905,0.01,0.01584092,0.00272682,157912
4,20.397,45223992,10409.455,27.001,0.019434629,0.005,0.006765005,0.001727679,52370
5,9.475,7127120,1858.586,9.215,0.008833922,0.001,0.002422729,0.000845503,18680
6,19.536,40088400,9557.064,27.875,0.018551237,0.003,0.006150004,0.001591995,47478
7,24.029,56858576,14377.903,32.009,0.022968198,0.013,0.007845914,0.002192914,63586
8,7.629,4144700,969.443,6.334,0.007067138,0.001,0.001779774,0.000724446,13588
9,15.623,61128144,9462.506,25.548,0.015017668,0.003,0.006457504,0.001308131,74122
10,29.328,83430468,18291.175,38.175,0.028268551,0.011,0.010147507,0.002656145,84166
11,18.545,41687400,9886.592,27.094,0.017667845,0.004,0.006243186,0.001559076,50134
12,16.884,23415120,6527.266,21.406,0.01590106,0.003,0.004752276,0.001423616,34236
13,23.029,67625344,14887.78,33.338,0.022084806,0.014,0.00812546,0.002035142,71006
14,32.977,72918152,18728.706,38.933,0.03180212,0.013,0.010725235,0.003089203,87498
15,17.685,33654208,7844.102,22.194,0.016784452,0.005,0.005609549,0.001513969,46778
16,44.977,407345180,60554.372,93.604,0.045053004,0.018,0.022857516,0.00358048,247002
17,6.708,2363736,624.005,3.256,0.006183746,0.001,0.00138841,0.000734275,11444
18,16.75,36718208,7854.811,23.806,0.01590106,0.003,0.005516367,0.001437226,47628
19,25.694,80010752,17794.039,38.371,0.024734982,0.007,0.009243643,0.002230522,77156
20,15.805,35582976,7468.101,22.755,0.015017668,0.003,0.005330004,0.001342846,47782
21,38.552,222136992,38407.949,64.828,0.037985866,0.019,0.016437284,0.00348032,163796
22,14.094,18856432,4904.876,18.91,0.013250883,0.001,0.004044094,0.001188107,29166
23,44.971,342155496,56672.154,84.136,0.045053004,0.033,0.021776606,0.003966211,231708
24,37.867,148169348,30500.652,53.977,0.037102473,0.017,0.014918419,0.003453144,136086
25,18.681,31316416,7410.178,20.993,0.017667845,0.007,0.005441822,0.001685285,44320
26,2.869,692936,104.437,1.132,0.002650177,0,0.000689546,0.000335442,5514
27,19.659,25664960,7389.817,22.342,0.018551237,0.004,0.005376595,0.001776962,35370
28,11.289,13570304,2876.84,11.852,0.010600707,0.001,0.003280002,0.000999464,28158
29,8.595,3542616,1099.564,5.543,0.00795053,0.002,0.001845001,0.000841524,12066
30,23.984,66397296,14806.008,33.896,0.022968198,0.009,0.008162733,0.002123013,70264
31,20.386,48474272,10958.082,30.422,0.019434629,0.004,0.006718414,0.001658092,52934
32,2.863,699160,105.773,1.174,0.002650177,0,0.0007175,0.000339556,6210
33,7.506,8785920,1460.99,7.241,0.007067138,0,0.002460002,0.000698514,26572
34,17.689,35678856,7911.301,21.565,0.016784452,0.004,0.005646822,0.001552201,48824
35,0.959,71424,9.351,0.129,0.000883392,0,0.000223637,0.000208093,1796
36,0.959,71424,9.351,0.129,0.000883392,0,0.000223637,0.000208093,1796
37,0.959,71424,9.351,0.129,0.000883392,0,0.000223637,0.000208093,1796
38,23.153,45916552,11637.424,29.009,0.022084806,0.01,0.007277505,0.002101861,55676
39,25.391,151829808,23244.496,44.843,0.024734982,0.007,0.011144553,0.002055727,118952
40,24.67,111173472,17402.825,36.632,0.02385159,0.008,0.009728188,0.002015692,98718
41,43.39,300236480,52607.408,78.476,0.043286219,0.026,0.020360241,0.003857354,210692
42,44.849,419016720,61784.315,92.431,0.045053004,0.026,0.022922743,0.003645985,253482
43,9.403,12054048,2216.559,10.027,0.008833922,0,0.002860684,0.000816729,27428
44,16.728,38704984,8092.317,23.815,0.01590106,0.004,0.005581595,0.001350507,53208
45,28.319,104317716,21283.3,42.961,0.027385159,0.012,0.010464325,0.002483876,93488
46,32.492,174657072,29439.679,52.435,0.03180212,0.014,0.013856146,0.002682136,129612
47,6.587,6908640,1050.863,6.285,0.006183746,0,0.002068638,0.000613132,22892
48,6.526,9758320,1123.312,5.852,0.006183746,0.001,0.002422729,0.000606835,28826
49,35.939,219395880,36700.535,64.624,0.035335689,0.014,0.015682511,0.002878289,152024
50,23.705,114449696,19094.724,40.402,0.022968198,0.004,0.009793416,0.001893854,97090
51,20.377,53385696,10372.265,24.982,0.019434629,0.009,0.006783641,0.001849723,65522
52,34.197,174876012,34588.724,58.62,0.033568905,0.023,0.014508419,0.002920409,131728
53,1.866,930072,70.896,0.585,0.001766784,0,0.000726819,0.000264621,9130
54,28.913,167226176,28394.639,49.039,0.028268551,0.014,0.01259819,0.002537485,125350
55,13.936,36405824,5852.696,18.236,0.013250883,0.002,0.004957276,0.001152556,54870
56,31.7,177112720,28834.617,55.149,0.030918728,0.008,0.013185236,0.002454278,127528
57,25.871,50419824,14433.465,32.305,0.024734982,0.009,0.008237278,0.002259508,58958
58,30.172,88509768,20141.701,39.786,0.029151943,0.019,0.010706598,0.002873678,86124
59,17.755,28022848,7530.323,20.094,0.016784452,0.006,0.005292731,0.001644475,41336
60,2.886,411516,96.444,0.997,0.002650177,0,0.000587046,0.000345225,3888
61,9.581,2885656,1410.736,7.498,0.008833922,0.002,0.001835683,0.000986464,9464
62,23.914,70711536,14529.174,34.457,0.022968198,0.008,0.008563415,0.001938472,69646
63,9.564,3421296,1385.611,7.034,0.008833922,0.001,0.001928865,0.00089179,10502
64,15.887,24092904,6635.853,19.21,0.015017668,0.002,0.004901367,0.001380016,37318
65,16.985,12427360,4920.156,15.486,0.01590106,0.006,0.004100003,0.00162039,23400
66,13.109,19446500,4721.706,15.825,0.012367491,0.001,0.004072048,0.001126064,33190
67,13.335,6404496,2620.007,10.277,0.012367491,0.005,0.002739547,0.001422154,16168
68,15.112,12627624,4120.13,14.568,0.014134276,0.001,0.003745912,0.00131463,23498
69,27.697,49677464,14884.376,31.509,0.026501767,0.016,0.008563415,0.002630922,63018
70,21.351,41146392,10454.488,24.906,0.020318021,0.009,0.006653186,0.001965807,53386
71,12.229,14139684,3426.183,12.224,0.011484099,0.003,0.003475684,0.001104403,29606
72,33.709,94594164,22618.91,43.292,0.032685512,0.018,0.011936599,0.003102,99212
73,19.702,20066400,6345.522,18.497,0.018551237,0.007,0.005031822,0.001831161,32250
74,19.486,41929608,9337.874,24.55,0.018551237,0.009,0.00632705,0.00175017,52926
75,11.45,5283936,1683.37,6.947,0.010600707,0.004,0.002348183,0.001153785,15930
76,38.441,219261808,41231.12,67.132,0.037985866,0.03,0.016903193,0.003330719,166850
77,7.564,7173936,1101.341,5.936,0.007067138,0.001,0.002152501,0.000685668,23290
78,11.376,8814960,2363.289,10.669,0.010600707,0.003,0.002767502,0.001079661,22776
79,11.31,14698236,2837.363,10.924,0.010600707,0.002,0.003196139,0.00104451,34578
80,23.91,77583976,15638.656,33.882,0.022968198,0.012,0.008516824,0.002170774,82612
81,22.035,72205456,14109.652,30.883,0.021201413,0.01,0.008255915,0.001904727,72996
82,21.368,38583040,9998.003,25.32,0.020318021,0.009,0.00653205,0.0019041,49630
83,5.711,2593656,544.965,4.436,0.005300353,0,0.001425683,0.000531592,10860
84,13.923,33306504,6375.514,21.264,0.013250883,0.001,0.005013185,0.001107289,48240
85,20.493,36100708,9683.235,28.719,0.019434629,0.003,0.006215232,0.001618022,43958
86,10.33,11954140,2718.335,10.481,0.009717314,0.001,0.003121593,0.000975797,28432
87,5.627,5716480,691.423,4.028,0.005300353,0,0.001891592,0.000550482,21870
88,11.36,9096640,2729.681,12.47,0.010600707,0.001,0.002888638,0.000973458,20880
89,7.647,2527700,962.409,4.639,0.007067138,0.001,0.001630683,0.00078209,10684
90,20.641,18946092,6845.766,19.208,0.019434629,0.009,0.005227504,0.001900448,32204
91,11.386,7871204,2008.24,7.32,0.010600707,0.005,0.002692956,0.001240213,22110
92,12.413,6099360,1832.678,8.083,0.011484099,0.006,0.002441365,0.001489536,16448
93,18.039,7621664,3259.369,10.404,0.016784452,0.006,0.003559548,0.001916174,18806
94,22.255,43922784,11133.637,25.836,0.021201413,0.007,0.006932732,0.002042889,55776
95,4.788,1284416,340.998,2.674,0.004416961,0,0.001043637,0.000516135,7840
96,6.727,1449900,593.848,3.097,0.006183746,0.001,0.001257955,0.000779605,7946
97,1.861,1017280,69.197,0.61,0.001766784,0,0.000745455,0.000270234,10540
98,4.856,411840,184.398,1.024,0.004416961,0.002,0.00067091,0.000761796,4282
99,4.759,1888560,376.052,2.895,0.004416961,0,0.001202046,0.000507952,10720
100,2.888,355752,100.168,0.874,0.002650177,0,0.000568409,0.000385535,4164
101,12.305,10422872,2832.688,10.959,0.011484099,0.004,0.003037729,0.001215682,24140
102,2.917,167728,76.045,0.713,0.002650177,0,0.00041,0.000387638,2418
103,5.715,3145184,509.132,3.249,0.005300353,0.001,0.001416365,0.000620523,15714
104,14.807,45133488,7520.759,21.814,0.014134276,0.003,0.005507049,0.001234122,63974
105,60.506,934470264,113713.993,147.789,0.062720848,0.037,0.037915708,0.005076417,515500
106,28.482,65318528,17382.393,33.761,0.027385159,0.015,0.009430006,0.002758907,74174
107,14.945,27705240,5697.653,17.918,0.014134276,0.004,0.004687049,0.00135973,42506
108,6.57,7098112,1053.209,5.373,0.006183746,0,0.002171138,0.000630764,24266
109,1.866,828520,73.495,0.563,0.001766784,0,0.0007175,0.000272787,9040
110,9.45,7864896,1861.023,8.284,0.008833922,0,0.00257182,0.000867081,21938
111,0.943,143748,14.379,0.133,0.000883392,0,0.0003075,0.000202925,3362
112,17.734,29565536,7558.858,19.86,0.016784452,0.006,0.005330004,0.001675347,46934
113,12.28,10715584,3325.72,13.539,0.011484099,0.001,0.003177502,0.001069396,23018
114,5.783,1126400,424.099,3.424,0.005300353,0,0.001025001,0.000593131,6516
115,12.341,7730136,2301.372,7.474,0.011484099,0.005,0.002823411,0.001322987,21494
116,34.282,195118792,33373.212,57.937,0.033568905,0.013,0.01455501,0.002922858,140506
117,15.032,18289500,4984.188,16.685,0.014134276,0.003,0.004146594,0.001339917,32822
118,8.656,2172464,911.393,4.234,0.00795053,0.003,0.001518865,0.000973731,9984
119,8.549,5645944,1374.493,6.952,0.00795053,0.001,0.002115229,0.00079683,18852
120,29.427,64962408,16601.381,36.516,0.028268551,0.01,0.009523188,0.002630043,75514
121,11.471,4696608,1782.117,8.146,0.010600707,0,0.002245683,0.001059784,14598
122,13.209,11667664,3460.12,12.488,0.012367491,0.004,0.003419775,0.001227054,25234
123,2.784,2346500,187.935,1.33,0.002650177,0,0.001164774,0.000335435,15870
124,15.869,26822400,6397.417,18.952,0.015017668,0.005,0.004920003,0.001447978,41992
125,10.369,9690760,2512.375,10.343,0.009717314,0.002,0.002897957,0.000978372,22966
126,2.891,405120,83.467,0.578,0.002650177,0.001,0.000559091,0.000420546,4818
127,14.082,20023668,4615.187,17.074,0.013250883,0.001,0.004090685,0.001134846,33936
128,32.481,188178464,31631.989,58.462,0.03180212,0.011,0.013967964,0.002580576,133896
129,6.576,8471880,1033.711,5.315,0.006183746,0,0.002171138,0.000605388,30740
130,10.409,8570784,2201.543,10.508,0.009717314,0.001,0.002720911,0.000888144,20182
131,19.677,22004256,6697.07,18.262,0.018551237,0.007,0.005180913,0.001841388,36450
132,11.468,4101240,1904.3,9.285,0.010600707,0.002,0.002227047,0.001102912,11388
133,13.136,17474112,4249.248,15.774,0.012367491,0.003,0.00385773,0.001109655,30748
134,35.209,143316680,28807.584,52.437,0.034452297,0.019,0.013930691,0.003053855,125676
135,36.097,145912680,31765.811,54.442,0.035335689,0.027,0.014117055,0.003310047,131684
136,13.379,4554820,1905.246,6.94,0.012367491,0.008,0.00246932,0.001552913,14536
137,29.084,112369928,24986.601,47.3,0.028268551,0.016,0.011452053,0.002466237,95986
138,3.829,1019280,197.273,1.866,0.003533569,0,0.000866591,0.000409619,6560
139,2.874,580780,96.834,1.147,0.002650177,0,0.000661591,0.000333135,4938
140,30.871,132348348,26361.538,51.04,0.030035336,0.013,0.012309327,0.002597703,109514
141,7.624,4042964,876.71,5.644,0.007067138,0,0.00179841,0.00069471,14152
142,19.432,47909032,10825.801,29.365,0.018551237,0.005,0.006727732,0.0015729,55758
143,26.618,81848880,17607.176,41.521,0.025618375,0.007,0.009504552,0.002135063,77890
144,7.786,557232,327.089,2.294,0.007067138,0.002,0.00087591,0.000912864,3226
145,16.792,29975472,6766.302,21.424,0.01590106,0.003,0.005255458,0.001393176,40812
146,24.012,61086300,14141.196,34.972,0.022968198,0.005,0.008060233,0.001973229,63568
147,19.516,40352760,9789.967,25.963,0.018551237,0.006,0.006243186,0.001708103,51576
148,11.272,14283324,3248.66,13.746,0.010600707,0.002,0.003382502,0.000960477,28746
149,12.299,10434816,3063.784,13.833,0.011484099,0.001,0.003130911,0.001043406,21716
150,18.511,46897224,10103.539,28.538,0.017667845,0.003,0.006504095,0.001486602,54748
151,1.912,316200,44.978,0.502,0.001766784,0,0.000465909,0.000264892,3934
152,25.122,36252912,11705.855,30.301,0.02385159,0.006,0.007100459,0.002267424,47886
153,13.254,10251288,2959.456,13.476,0.012367491,0.001,0.003224093,0.001084348,21220
154,2.875,635040,95.344,1.143,0.002650177,0,0.000652273,0.000332748,4848
155,16.818,25023020,6823.055,19.72,0.01590106,0.003,0.004985231,0.001477244,37866
156,5.745,1830576,456.55,3.244,0.005300353,0,0.001230001,0.000572795,8544
157,12.12,24866920,4314.987,15.328,0.011484099,0.003,0.004118639,0.001052827,43814
158,11.521,2922816,1258.488,4.94,0.010600707,0.004,0.001938183,0.001286645,10668
159,2.85,939808,111.383,1.271,0.002650177,0,0.000801364,0.00032251,7512
160,3.895,254016,95.018,0.559,0.003533569,0.004,0.000503182,0.000825059,3248
161,8.498,6862848,1680.835,8.75,0.00795053,0.001,0.002385456,0.000771541,20316
162,11.326,11003764,2983.035,13.032,0.010600707,0.001,0.00308432,0.00097295,24534
163,9.517,4938760,1688.579,8.357,0.008833922,0.003,0.002189774,0.000973785,15536
164,6.709,2056824,651.726,4.124,0.006183746,0.001,0.001369774,0.000684136,9818
165,12.385,5985108,2174.616,9.396,0.011484099,0.001,0.002599774,0.001122594,15956
166,8.58,4080128,1263.584,6.539,0.00795053,0,0.001938183,0.000813274,14448
167,7.568,5288668,1259.714,6.535,0.007067138,0,0.002077956,0.000718718,18430
168,14.105,15111536,4675.317,15.739,0.013250883,0.001,0.003895003,0.001228324,29400
169,5.731,2041116,561.928,3.814,0.005300353,0,0.001313865,0.000572263,10794
170,4.76,1821996,353.592,2.275,0.004416961,0,0.001202046,0.000522213,10882
171,2.864,571200,116.548,1.051,0.002650177,0,0.000698864,0.000351149,6192
172,5.746,1641024,539.699,3.562,0.005300353,0,0.001230001,0.000580799,9672
173,1.919,238832,45.139,0.414,0.001766784,0,0.000428637,0.000288334,4432
174,4.726,2576400,471.017,2.955,0.004416961,0,0.001397728,0.000493427,14560
175,0.936,170348,16.176,0.139,0.000883392,0,0.000344773,0.000205303,4214
176,17.681,34926160,7872.421,22.81,0.016784452,0.003,0.005684095,0.0014743,46718
177,2.845,880092,133.361,1.133,0.002650177,0,0.000810682,0.000347145,7950
178,5.726,2102976,568.833,3.84,0.005300353,0,0.001341819,0.000586544,11256
179,5.749,1659320,512.997,3.602,0.005300353,0,0.001211364,0.000594386,9816
180,1.891,459296,58.597,0.518,0.001766784,0,0.000577728,0.000275686,6022
181,9.481,6109184,1865.353,9.324,0.008833922,0.001,0.002385456,0.000854718,16844
182,26.621,76847376,16654.867,33.781,0.025618375,0.011,0.009280915,0.00246128,79906
183,31.92,99995016,23574.897,44.685,0.030918728,0.019,0.011377508,0.002852391,101098
184,9.469,7537728,1860.74,9.185,0.008833922,0.001,0.002460002,0.000868071,19478
185,27.485,85576016,19191.467,42.293,0.026501767,0.009,0.009886598,0.002242519,81762
186,13.249,10231004,3134.733,11.42,0.012367491,0.007,0.003196139,0.001412794,23242
187,8.527,6848640,1260.065,6.063,0.00795053,0.001,0.002236365,0.000836721,21036
188,12.351,7130552,2631.457,10.861,0.011484099,0.003,0.002786138,0.001162026,17702
189,15.068,15508872,4429.001,13.811,0.014134276,0.004,0.003941594,0.001419057,30692
190,7.594,5040244,992.04,5.553,0.007067138,0,0.001947501,0.000709667,17614
191,12.169,17948556,3782.073,13.182,0.011484099,0.002,0.003811139,0.001094494,33638
192,11.364,9658220,2526.699,10.225,0.010600707,0.002,0.002860684,0.001047646,23652
193,19.524,41231700,9798.91,28.349,0.018551237,0.002,0.006289777,0.001532133,51522
194,21.215,70590072,13048.734,32.69,0.020318021,0.003,0.007659551,0.001685515,70660
195,6.711,2438448,685.24,3.841,0.006183746,0.001,0.001379092,0.000736421,12182
196,41.747,334854576,49997.72,80.435,0.041519435,0.02,0.019959559,0.003441544,213268
197,13.158,19317856,4078.443,15.376,0.012367491,0.002,0.003839094,0.001160413,34822
198,26.555,100802880,19852.992,43.236,0.025618375,0.005,0.010063643,0.00205864,91372
199,15.094,14978684,4297.533,16.974,0.014134276,0.003,0.003848412,0.001284508,27086
200,22.261,53588288,10920.468,26.841,0.021201413,0.006,0.007025914,0.001866029,65952
201,25.599,116959876,19718.446,42.377,0.024734982,0.004,0.010072961,0.002016258,99404
202,14.02,28890784,5163.34,17.215,0.013250883,0.002,0.004482049,0.001159305,47736
203,13.962,34178944,5616.939,17.787,0.013250883,0.004,0.004789549,0.001218359,54156
204,35.148,212407920,34043.672,63.666,0.034452297,0.01,0.015095465,0.002806284,147786
205,28.304,123384908,22429.747,48.007,0.027385159,0.003,0.011079326,0.002172222,100946
206,25.543,123773328,20558.996,44.442,0.024734982,0.005,0.010399098,0.001975638,99764
207,14.868,37793980,7033.965,22.017,0.014134276,0.001,0.005264776,0.001178458,50678
208,11.319,12989124,2725.024,11.688,0.010600707,0.001,0.003158866,0.000934929,27636
209,5.668,4687728,672.165,4.588,0.005300353,0,0.001705228,0.00051896,18636
210,22.818,119703744,18225.97,38.591,0.022084806,0.005,0.00961637,0.001787954,102992
211,13.099,22251264,4974.876,17.716,0.012367491,0.002,0.004174548,0.00109555,38476
212,24.918,67103488,15213.846,36.57,0.02385159,0.006,0.008451597,0.002050772,68652
213,21.331,56143200,11700.932,28.213,0.020318021,0.007,0.00694205,0.001824608,67486
214,20.207,84805632,13626.958,33.295,0.019434629,0.003,0.007976369,0.001568273,83678
215,24,64422624,14519.82,37.822,0.022968198,0.001,0.008274551,0.001823694,64252
216,18.574,48754464,9603.748,27.379,0.017667845,0.001,0.006280459,0.001434325,60010
217,12.125,25737020,4363.717,15.462,0.011484099,0.002,0.004146594,0.001010178,47054
218,21.239,67165980,12746.224,31.161,0.020318021,0.006,0.007501141,0.00177536,73492
219,27.642,65756008,16492.175,39.992,0.026501767,0.008,0.00910387,0.002287032,69738
220,5.671,4888520,613.498,3.771,0.005300353,0,0.00169591,0.000557007,19758
221,11.387,8619520,2538.185,12.724,0.010600707,0.001,0.002758184,0.000915468,20106
222,13.163,18016596,4006.575,14.993,0.012367491,0.004,0.003829775,0.001254671,32842
223,5.774,1381840,385.384,1.938,0.005300353,0.002,0.001071592,0.000760504,9288
224,7.7,1703808,708.005,3.287,0.007067138,0.001,0.001341819,0.000856191,8962
225,2.938,69376,60.822,0.574,0.002650177,0,0.000298182,0.000400602,1038
226,1.95,81312,26.547,0.36,0.001766784,0,0.000260909,0.000291652,1360
227,14.782,44008800,7019.372,20.482,0.014134276,0.005,0.005590913,0.001304686,62222
228,11.324,11165120,2931.184,13.259,0.010600707,0.001,0.003056366,0.000973074,21798
229,2.839,1022112,136.854,1.179,0.002650177,0,0.000847955,0.000343163,8076
230,13.174,15374120,3588.737,13.137,0.012367491,0.002,0.003643412,0.001184158,31522
231,11.308,11363640,2795.485,11.663,0.010600707,0.002,0.003140229,0.00100017,23940
232,1.909,326352,46.019,0.508,0.001766784,0,0.000484546,0.00027204,4126
233,40.215,195523008,41057.563,67.8,0.03975265,0.028,0.017182739,0.003569308,160602
234,6.657,3228480,798.877,4.748,0.006183746,0.001,0.001649319,0.000660879,12776
235,13.167,14976728,3737.693,13.092,0.012367491,0.002,0.003671366,0.001213167,30742
236,1.83,2064888,88.967,0.675,0.001766784,0,0.000950455,0.000260796,18382
237,27.594,62835352,15925.125,34.448,0.026501767,0.015,0.009047961,0.002487322,70194
238,15.912,22786336,5544.522,15.873,0.015017668,0.006,0.004649776,0.001489253,39316
239,19.482,41975712,10090.682,26.857,0.018551237,0.006,0.006373641,0.001688962,52800
240,15.994,19017000,4693.28,14.679,0.015017668,0.003,0.004193185,0.001470733,35128
241,26.504,91861812,18410.648,38.534,0.025618375,0.01,0.00997978,0.002227564,81148
242,3.852,670868,154.626,1.157,0.003533569,0.001,0.000736137,0.000508116,6218
243,24.829,72941988,15852.989,36.302,0.02385159,0.01,0.008675233,0.002144537,72198
244,7.685,2157300,738.427,4.555,0.007067138,0.002,0.001425683,0.000849447,9256
245,10.263,19538536,3202.346,13.709,0.009717314,0,0.003559548,0.000856779,38122
246,11.249,17709952,3445.806,13.761,0.010600707,0.001,0.003512957,0.000971497,35520
247,1.837,1500620,82.677,0.654,0.001766784,0,0.000885228,0.000268109,13588
248,14.167,11851056,3658.994,13.65,0.013250883,0.003,0.003522275,0.00122635,24210
249,1.897,480260,54.412,0.49,0.001766784,0,0.000549773,0.000287583,6574
250,10.355,11935896,2718.077,12.091,0.009717314,0.001,0.003000457,0.000917038,27952
251,13.036,31138940,5446.609,18.394,0.012367491,0.002,0.004519321,0.001109635,52168
252,7.645,3072720,948.607,6.05,0.007067138,0.001,0.001649319,0.000738542,11836
253,0.925,310464,17.482,0.159,0.000883392,0,0.00041,0.000201179,5936
254,14.03,21950976,5071.875,16.924,0.013250883,0.002,0.004295685,0.001208876,37266
255,16.755,33701416,6812.773,17.29,0.01590106,0.008,0.005376595,0.001659254,52968
256,13.353,5515468,2153.547,7.31,0.012367491,0.005,0.002618411,0.001468199,16222
257,11.353,9569080,2620.061,10.018,0.010600707,0.003,0.002888638,0.001161564,23520
258,4.775,1918816,343.05,2.891,0.004416961,0,0.001136819,0.000476459,10438
259,16.774,35904480,6918.424,21.336,0.01590106,0.003,0.005320685,0.001394616,52290
260,9.508,6045120,1442.922,5.906,0.008833922,0.003,0.002236365,0.001047271,20474
261,0.925,310464,17.482,0.159,0.000883392,0,0.00041,0.000201179,5936
262,3.745,3131128,308.075,2.123,0.003533569,0,0.001332501,0.000431455,18182
263,12.139,23709240,4189.836,15.685,0.011484099,0.001,0.004053412,0.001006653,40310
264,5.703,2795856,648.503,3.841,0.005300353,0.001,0.001462956,0.000584579,14898
265,7.642,3888000,852.113,4.805,0.007067138,0.002,0.001677274,0.000816928,15070
266,3.754,2376736,313.134,2.044,0.003533569,0,0.001267274,0.000444539,14732
267,17.769,27758880,6906.537,19.698,0.016784452,0.006,0.005171594,0.001636929,43286
268,22.2,49813400,12142.556,27.401,0.021201413,0.005,0.007286823,0.001945717,58806
269,22.99,71578800,14037.442,30.298,0.022084806,0.012,0.008246597,0.002034397,75344
270,15.103,15147200,3960.916,11.857,0.014134276,0.008,0.003727275,0.00179219,32870
271,20.365,50649528,10463.265,26.055,0.019434629,0.008,0.006811596,0.001757907,62084
272,2.819,1720992,151.858,1.179,0.002650177,0,0.000969092,0.000346329,13482
273,4.76,2214672,349.98,1.96,0.004416961,0.002,0.001202046,0.000653575,14758
274,23.783,112498512,18104.289,39.776,0.022968198,0.005,0.009588416,0.001918241,95644
275,10.384,9475552,2405.085,9.991,0.009717314,0.002,0.002814093,0.000975199,24346
276,13.151,17987904,3632.733,13.695,0.012367491,0.004,0.003801821,0.001172926,35188
277,6.665,3486988,784.663,4.184,0.006183746,0.002,0.001612047,0.000781902,15452
278,10.449,6448992,1974.464,7.818,0.009717314,0.002,0.002460002,0.001020585,19966
279,9.503,5604720,1661.847,7.417,0.008833922,0.001,0.002255002,0.000902491,17690
280,9.504,6033544,1595.604,7.7,0.008833922,0.001,0.002255002,0.000893914,17792
281,1.864,934440,72.175,0.565,0.001766784,0,0.000726819,0.000280329,10222
282,19.508,39723652,9551.353,25.126,0.018551237,0.004,0.006308413,0.001656154,51666
283,2.795,1982208,184.062,1.204,0.002650177,0,0.00108091,0.000357734,14718
284,16.726,38320800,8020.926,24.254,0.01590106,0.005,0.005590913,0.001393682,54366
285,7.617,3593656,1012.753,5.114,0.007067138,0.001,0.001807729,0.000741189,15154
286,5.684,3293472,646.203,4.463,0.005300353,0.001,0.001574774,0.000559537,14322
287,20.645,20812708,6608.06,16.829,0.019434629,0.011,0.005152958,0.002272267,36104
288,2.869,684156,112.389,1.042,0.002650177,0,0.000680228,0.000342146,6876
289,18.568,43834080,9591.923,27.528,0.017667845,0.002,0.006243186,0.00144872,53206
290,10.509,4404960,1566.36,5.737,0.009717314,0.002,0.002124547,0.001126705,15970
291,12.137,23753572,4254.51,15.531,0.011484099,0.002,0.004072048,0.001010838,43814
292,1.871,768712,70.515,0.554,0.001766784,0,0.000689546,0.000274391,8464
293,12.144,22628160,4193.822,15.825,0.011484099,0.001,0.004025457,0.000967586,37424
294,0.926,275372,18.872,0.148,0.000883392,0,0.000400682,0.000202255,5672
295,3.82,1048208,243.109,1.551,0.003533569,0,0.000913182,0.000473046,8780
296,5.748,1897928,487.103,2.844,0.005300353,0,0.001220683,0.000610221,10668
297,10.495,4594956,1703.809,7.373,0.009717314,0.002,0.002208411,0.001028493,15520
298,6.706,2034112,636.774,4.309,0.006183746,0.001,0.001379092,0.000680772,9326
299,30.04,126686432,26490.206,58.639,0.029151943,0.007,0.01198319,0.002223334,102456
300,10.42,7838400,2123.839,10.489,0.009717314,0.001,0.002646365,0.000898857,18766
301,5.773,1157360,440.481,3.583,0.005300353,0.001,0.001071592,0.00058269,6306
302,2.914,180320,78.78,0.75,0.002650177,0,0.000428637,0.000388759,2304
303,24.018,58369140,14125.573,35.257,0.022968198,0.007,0.007967051,0.001904273,62938
304,2.906,271524,65.604,0.549,0.002650177,0.002,0.000475228,0.000508673,3366
305,14.097,17271616,4516.702,15.891,0.013250883,0.003,0.003932275,0.001212067,31512
306,12.393,5824332,2059.472,8.187,0.011484099,0.004,0.002525229,0.001320101,17312
307,8.534,7769280,1257.212,6.125,0.00795053,0.002,0.002236365,0.00087921,26442
308,18.846,14487500,5580.086,15.599,0.017667845,0.005,0.004426139,0.001805102,26908
309,2.916,200700,66.749,0.889,0.002650177,0,0.000419318,0.000347142,2046
310,4.883,161280,174.909,1.316,0.004416961,0,0.000521819,0.000582994,1648
311,7.672,2288000,793.801,4.44,0.007067138,0.002,0.00149091,0.000813779,10522
312,11.52,2837384,1392.377,5.8,0.010600707,0.004,0.001947501,0.00123705,10296
313,18.854,14666940,5368.749,15.359,0.017667845,0.011,0.004388867,0.001937854,27370
314,17.775,26149100,7031.492,20.138,0.016784452,0.006,0.005078413,0.001562477,38894
315,8.626,2788104,904.817,4.321,0.00795053,0.001,0.001667956,0.000858912,11172
316,26.585,80800696,17278.62,35.276,0.025618375,0.012,0.009485916,0.002369034,78856
317,9.446,9236064,2165.069,11.001,0.008833922,0,0.002627729,0.000794227,22916
318,0.954,94608,10.571,0.134,0.000883392,0,0.000251591,0.000201741,2264
319,1.943,119168,29.365,0.315,0.001766784,0,0.000298182,0.000314076,2332
320,5.805,752720,349.137,2.537,0.005300353,0,0.000903864,0.000637299,4884
321,18.7,31544064,7337.821,20.87,0.017667845,0.005,0.005367276,0.001677198,48910
322,21.465,33040800,8528.638,25.227,0.020318021,0.005,0.006056822,0.001869428,41182
323,9.63,2043412,959.844,5.201,0.008833922,0.001,0.001556137,0.00095722,7358
324,8.575,5071040,1321.47,8.065,0.00795053,0,0.001975456,0.000752993,13944
325,9.449,8891680,1920.319,10.092,0.008833922,0,0.002609093,0.000791973,21488
326,5.842,411600,234.28,1.563,0.005300353,0.002,0.000698864,0.000798807,3474
327,22.156,62593024,13230.676,34.744,0.021201413,0.004,0.007752733,0.001717126,62628
328,7.559,6537980,1313.087,8.211,0.007067138,0,0.002171138,0.000645152,19486
329,21.298,50268000,11713.239,29.756,0.020318021,0.008,0.006988641,0.00186709,57718
330,11.382,7674252,2413.8,10.104,0.010600707,0.003,0.002711593,0.001114753,18552
331,20.364,52038000,11534.257,29.11,0.019434629,0.007,0.006848868,0.001707714,63110
332,35.001,217398720,35990.929,66.354,0.034452297,0.014,0.015654556,0.002716653,148482
333,45.717,383537700,61089.192,91.063,0.045936396,0.039,0.022894788,0.003871805,248558
334,14.177,11957568,3679.74,12.12,0.013250883,0.005,0.003466366,0.001418801,26904
335,17.549,58640376,9844.443,27.356,0.016784452,0.003,0.006504095,0.001446325,69080
336,11.333,11627200,2630.829,11.023,0.010600707,0.003,0.003028411,0.001013122,25692
337,11.323,12530760,2646.796,11.004,0.010600707,0.003,0.003075002,0.001041604,29988
338,11.268,14894128,3095.72,11.49,0.010600707,0.003,0.003373184,0.001054547,31692
339,22.389,28928312,8484.821,20.093,0.021201413,0.013,0.006131368,0.002306482,44160
340,15.931,21632540,5831.874,17.187,0.015017668,0.006,0.004537958,0.001563715,36184
341,30.254,72456384,19339.867,43.625,0.029151943,0.012,0.010175461,0.002494684,79152
342,1.951,71604,27.919,0.3,0.001766784,0,0.000251591,0.00031064,1390
343,4.809,1079892,289.043,2.736,0.004416961,0,0.000941137,0.000465724,5716
344,14.99,19962516,5022.161,15.381,0.014134276,0.006,0.00437023,0.001413712,33782
345,1.937,122780,36.291,0.343,0.001766784,0,0.000326137,0.000331038,2320
346,10.469,5674608,1951.919,9.277,0.009717314,0.001,0.002338865,0.000965613,14650
347,12.447,3900344,1762.147,8.064,0.011484099,0.002,0.002245683,0.001158294,12458
348,6.752,1244364,496.269,3.189,0.006183746,0,0.001127501,0.000668604,6002
349,7.583,4998184,1050.411,5.42,0.007067138,0.002,0.001994092,0.000827381,16918
350,6.794,676992,334.369,1.829,0.006183746,0.004,0.000894546,0.001050393,4892
351,16.823,25166128,6801.352,18.618,0.01590106,0.007,0.004966594,0.001577334,40176
352,13.282,8815920,3017.082,11.547,0.012367491,0.002,0.003047048,0.001243779,20632
353,11.317,10946760,2790.693,10.841,0.010600707,0.003,0.003075002,0.00107861,26712
354,35.977,187115940,35764.849,61.483,0.035335689,0.016,0.015235238,0.003100203,140270
355,36.134,132331420,28814.985,48.682,0.035335689,0.026,0.013930691,0.003504594,125474
356,30.128,94523120,22263.596,45.03,0.029151943,0.015,0.010911598,0.002541981,91734
357,7.63,3737008,994.835,6.156,0.007067138,0.001,0.001742501,0.00069397,13972
358,16.845,25359224,5971.028,16.544,0.01590106,0.003,0.004873412,0.001543141,40560
359,4.785,1394448,351.73,2.593,0.004416961,0,0.001062273,0.000522776,8350
360,4.779,1896480,335.333,3.02,0.004416961,0,0.001118183,0.000450652,8872
361,15.809,41687496,7598.512,22.082,0.015017668,0.001,0.005423186,0.001283636,56470
362,15.028,18191448,5039.104,16.51,0.014134276,0.004,0.004155912,0.001375054,30770
363,11.364,9184212,2679.641,12.877,0.010600707,0.001,0.002860684,0.00092153,19926
364,10.298,16352640,3044.045,12.966,0.009717314,0.002,0.003354548,0.000869042,34168
365,8.56,5434000,1185.936,5.935,0.00795053,0.001,0.002050001,0.000798482,17070
366,3.836,930228,197.371,1.689,0.003533569,0.001,0.000829319,0.000461708,6188
367,26.72,59482536,15216.916,30.899,0.025618375,0.014,0.008628642,0.002602359,68602
368,21.346,42819240,10443.495,25.889,0.020318021,0.005,0.006681141,0.001872057,52522
369,10.41,8406144,2097.354,8.517,0.009717314,0.001,0.002683638,0.000977431,22702
370,5.793,1143168,351.827,1.828,0.005300353,0.001,0.000969092,0.000680073,9060
371,13.13,18674604,4251.117,16.179,0.012367491,0.001,0.003941594,0.001081976,33718
372,13.041,26807748,5056.77,16.525,0.012367491,0.002,0.004407503,0.001106791,45724
373,9.337,14343720,2600.515,10.412,0.008833922,0.001,0.003214775,0.000834127,32786
374,0.915,437000,19.922,0.168,0.000883392,0,0.000465909,0.000199322,7646
375,4.78,1655784,354.123,2.663,0.004416961,0,0.001090228,0.000508473,10504
376,26.904,36557100,11395.583,22.574,0.025618375,0.018,0.007519778,0.00296825,57508
377,9.517,5947380,1373.576,5.671,0.008833922,0.005,0.002189774,0.001140027,20456
378,33.383,165707448,29250.474,49.811,0.032685512,0.025,0.013772282,0.002993343,134672
379,4.796,1359936,326.322,2.501,0.004416961,0,0.001006364,0.000500133,9742
380,8.525,6652416,1388.535,7.897,0.00795053,0,0.002273638,0.000728971,19992
381,21.233,61117120,12503.989,33.902,0.020318021,0.003,0.007529096,0.001618313,64726
382,15.974,20426328,5737.218,20.076,0.015017668,0.004,0.004388867,0.001392963,34204
383,12.233,15627404,3806.698,16.713,0.011484099,0,0.003512957,0.000980111,29282
384,22.199,54079080,12420.98,32.846,0.021201413,0.005,0.00740796,0.001782175,62106
385,13.181,15474096,4249.075,17.509,0.012367491,0,0.003690003,0.001051288,28882
386,12.184,19184720,4106.175,17.915,0.011484099,0,0.003820457,0.000946748,33320
387,12.269,12994632,3584.97,15.366,0.011484099,0.001,0.003298639,0.00102636,27170
388,9.51,6099840,1551.403,7.607,0.008833922,0.001,0.002236365,0.000848252,18728
389,25.71,86360000,18754.257,46.842,0.024734982,0.005,0.009467279,0.001922813,80138
390,22.831,114925440,17978.056,38.377,0.022084806,0.006,0.009504552,0.001793386,100466
391,11.409,7093200,1817.03,5.821,0.010600707,0.004,0.00257182,0.001207356,21360
392,15.016,19868856,4734.118,15.093,0.014134276,0.005,0.004230457,0.001343697,35384
393,23.998,60511940,14488.556,34.393,0.022968198,0.008,0.008060233,0.001938891,65266
394,1.838,1494600,81.778,0.651,0.001766784,0,0.00087591,0.000263523,13438
395,9.607,3037216,1007.722,3.988,0.008833922,0.002,0.00169591,0.001048853,13172
396,32.67,131226864,27053.241,52.647,0.03180212,0.016,0.0127566,0.002686174,113820
397,6.594,5786940,972.094,5.034,0.006183746,0.001,0.00200341,0.000682122,21710
398,7.597,5125516,995.448,5.553,0.007067138,0.001,0.001947501,0.000700003,18082
399,13.177,15901080,3636.219,13.04,0.012367491,0.004,0.003634093,0.001242651,31756
400,11.268,18243960,3020.677,11.998,0.010600707,0.001,0.00344773,0.000960503,38574
401,20.486,37503532,9881.269,27.347,0.019434629,0.005,0.006252504,0.001722202,47570
402,7.575,6307340,983.784,4.314,0.007067138,0.003,0.00205932,0.000815783,23380
403,6.614,5060384,839.497,4.029,0.006183746,0.002,0.001891592,0.000695637,20168
404,15.018,20592960,4933.44,17.986,0.014134276,0.003,0.004249094,0.001263189,32846
405,4.772,1627692,364.787,2.836,0.004416961,0,0.001127501,0.000487086,8692
406,3.886,283436,136.075,1.397,0.003533569,0,0.000549773,0.000442456,2492
407,12.313,9731664,2662.391,11.43,0.011484099,0.003,0.003019093,0.001145111,22088
408,9.611,2203640,1011.807,5.556,0.008833922,0.001,0.001658637,0.000909484,8126
409,15.075,15545536,4399.367,17.8,0.014134276,0.002,0.003950912,0.001203408,26474
410,19.532,40793832,9248.882,28.195,0.018551237,0.003,0.006205913,0.001553194,50400
411,7.659,2869380,767.575,5.32,0.007067138,0,0.00159341,0.000688257,10462
412,11.34,10566288,2475.223,11.987,0.010600707,0,0.003019093,0.000931939,23022
413,16.764,31396608,7610.455,23.861,0.01590106,0.004,0.005367276,0.001348296,42462
414,9.41,12315648,2151.181,9.911,0.008833922,0.002,0.002832729,0.00082743,32540
415,22.288,38865800,10738.194,25.842,0.021201413,0.006,0.006755686,0.002022085,49104
416,9.454,8075328,1917.772,9.544,0.008833922,0.001,0.002553184,0.000834826,21326
417,7.674,2075268,776.178,3.716,0.007067138,0.001,0.001481592,0.000816736,9442
418,12.4,5422236,1969.155,7.105,0.011484099,0.004,0.002487956,0.001259263,15620
419,6.665,2878028,916.125,5.109,0.006183746,0,0.001612047,0.000684195,12704
420,14.882,33994276,6783.669,21.53,0.014134276,0.002,0.00504114,0.001222732,50864
421,3.849,711504,184.734,1.489,0.003533569,0,0.000754773,0.000475392,6338
422,7.625,3232848,1091.58,5.826,0.007067138,0.001,0.001751819,0.000747313,12844
423,5.717,2473996,517.903,3.275,0.005300353,0.003,0.00138841,0.000669142,12072
424,0.945,143744,12.604,0.141,0.000883392,0,0.000298182,0.000200496,3164
425,10.466,5828792,1804.035,7.994,0.009717314,0.002,0.00236682,0.000989544,15928
426,8.457,9077820,1973.291,9.098,0.00795053,0,0.002655684,0.000766741,23700
427,16.149,7489080,3329.447,10.533,0.015017668,0.008,0.003307957,0.001770382,18406
428,2.85,969340,128.938,1.124,0.002650177,0,0.000792046,0.000334682,7542
429,29.4,61673956,16912.443,35.654,0.028268551,0.024,0.009495234,0.00277738,72286
430,12.349,7041432,2727.693,10.982,0.011484099,0.001,0.002814093,0.00113295,16904
431,11.282,14405952,3115.699,13.78,0.010600707,0.003,0.00334523,0.000945379,29418
432,10.545,3105000,1264.041,4.812,0.009717314,0.003,0.001928865,0.001091581,11644
433,8.648,2318688,917.929,5.949,0.00795053,0.001,0.001546819,0.000861811,8550
434,31.914,110129656,25717.932,56.298,0.030918728,0.011,0.011871372,0.002527856,99388
435,5.676,4133888,660.346,4.411,0.005300353,0,0.001640001,0.000548563,16566
436,2.851,998240,117.691,1.21,0.002650177,0,0.000792046,0.00032407,7872
437,7.494,11580960,1587.915,8.796,0.007067138,0,0.00257182,0.000644017,32134
438,11.291,13246464,3115.041,13.773,0.010600707,0.001,0.003280002,0.000925594,26358
439,18.409,70514480,11470.787,29.456,0.017667845,0.004,0.007193641,0.001518208,75316
440,3.849,816064,180.204,1.571,0.003533569,0,0.000764091,0.000429261,6788
441,12.347,7687716,2318.669,9.972,0.011484099,0.002,0.002823411,0.001126056,18938
442,2.843,1035604,130.387,1.17,0.002650177,0,0.000829319,0.000333714,8364
443,14.192,11084528,3374.591,13.294,0.013250883,0.003,0.00339182,0.001237924,21690
444,9.444,8185432,2048.571,9.199,0.008833922,0.002,0.002590456,0.000869225,21680
445,10.491,4922792,1716.794,7.312,0.009717314,0.001,0.002217729,0.001024838,15058
446,22.13,73313644,14087.508,33.526,0.021201413,0.004,0.007948415,0.001753576,73770
447,13.337,5747832,2488.174,9.61,0.012367491,0.002,0.002711593,0.001252169,15040
448,2.859,767832,122.553,1.035,0.002650177,0,0.000726819,0.000349648,7062
449,1.939,125392,35.184,0.359,0.001766784,0,0.000316818,0.000288761,1990
450,2.912,188940,82.889,0.726,0.002650177,0,0.000437955,0.000406056,2424
451,11.515,2699112,1555.253,7.366,0.010600707,0.003,0.001966138,0.001161227,8688
452,25.022,42750240,12510.351,28.036,0.02385159,0.007,0.00751046,0.002303572,54216
453,4.737,2375376,443.736,2.944,0.004416961,0,0.001323183,0.000493484,12286
454,28.57,53883660,14313.152,28.199,0.027385159,0.017,0.008861597,0.002864943,69494
455,8.511,6366432,1713.247,8.199,0.00795053,0.001,0.002320229,0.000798719,19560
456,8.601,3609952,973.888,4.391,0.00795053,0.001,0.001807729,0.000898599,13458
457,12.22,14556000,3480.123,11.67,0.011484099,0.004,0.003494321,0.001174216,32030
458,17.029,10661220,4395.674,13.398,0.01590106,0.007,0.003773866,0.001760548,22512
459,10.595,2402244,961.274,3.779,0.009717314,0.006,0.001649319,0.001395113,10780
460,26.911,34259532,11397.594,23.948,0.025618375,0.017,0.007538414,0.002846786,53410
461,2.885,493164,96.511,0.912,0.002650177,0,0.000587046,0.000363015,5448
462,5.779,1523240,351.064,1.925,0.005300353,0.003,0.001052955,0.000805112,10014
463,0.944,178464,13.01,0.143,0.000883392,0,0.0003075,0.000199811,3362
464,13.365,5644100,2033.227,7.179,0.012367491,0.004,0.002562502,0.00146643,15790
465,3.842,792880,201.571,1.589,0.003533569,0,0.000792046,0.000441721,5888
466,16.804,28243488,6873.783,19.009,0.01590106,0.007,0.005087731,0.001641232,43230
467,18.603,34250308,7839.903,20.631,0.017667845,0.006,0.00586114,0.001649461,46996
468,27.527,78927600,17129.009,35.08,0.026501767,0.019,0.009504552,0.002506216,83910
469,2.921,171360,66.534,0.818,0.002650177,0,0.000391364,0.000361289,1722
470,15.889,25055780,5620.133,17.146,0.015017668,0.007,0.004798867,0.001413442,39952
471,7.653,2626140,998.027,5.463,0.007067138,0.001,0.001612047,0.00077791,10996
472,10.279,19724040,3197.415,13.036,0.009717314,0.001,0.003522275,0.000855472,42352
473,2.822,1714752,145.996,1.294,0.002650177,0,0.000969092,0.000316584,11982
474,3.802,1652568,225.183,2.087,0.003533569,0,0.001034319,0.000386053,9278
475,11.409,5871072,2204.816,8.616,0.010600707,0.002,0.00257182,0.00106069,15936
476,9.541,3572800,1520.711,7.176,0.008833922,0.001,0.002050001,0.000923745,11924
477,10.513,3568992,1697.649,6.819,0.009717314,0.001,0.002105911,0.001096263,12826
478,1.885,543048,66.226,0.511,0.001766784,0,0.000615,0.000273083,6610
479,8.613,2858856,1193.041,5.828,0.00795053,0.001,0.001742501,0.000850799,11664
480,10.521,3659040,1580.573,7.04,0.009717314,0.003,0.002050001,0.001048994,13504
481,14.17,10783680,3874.135,13.026,0.013250883,0.003,0.003503639,0.001292011,23682
482,5.791,840840,437.618,3.151,0.005300353,0,0.00097841,0.000599172,5424
483,23.44,16509248,6918.996,16.977,0.022084806,0.008,0.005609549,0.002485689,33518
484,15.069,13020000,4298.305,12.064,0.014134276,0.004,0.003913639,0.001444241,26744
485,14.265,6736488,3070.449,11.984,0.013250883,0.001,0.003009775,0.001313843,15948
486,14.268,6120864,2946.957,9.684,0.013250883,0.002,0.002963184,0.001452979,16512
487,10.417,7180276,2188.746,7.814,0.009717314,0.004,0.002637047,0.001129815,21124
488,0.942,156264,14.828,0.135,0.000883392,0,0.000316818,0.000206408,3566
489,15.964,18988220,5300.553,14.383,0.015017668,0.006,0.004351594,0.001617357,35494
490,3.864,501984,170.349,1.398,0.003533569,0,0.00067091,0.000468063,4874
491,9.623,1989756,1047.712,4.865,0.008833922,0.001,0.00159341,0.001017867,8936
492,2.872,588164,110.299,1.004,0.002650177,0,0.000661591,0.000355829,5730
493,0.942,156264,14.828,0.135,0.000883392,0,0.000316818,0.000206408,3566
494,0.942,156264,14.828,0.135,0.000883392,0,0.000316818,0.000206408,3566
495,17.943,12907840,4131.446,10.92,0.016784452,0.006,0.004100003,0.001891196,27380
496,1.952,66420,27.919,0.3,0.001766784,0,0.000251591,0.000334111,1390
497,5.794,812052,391.86,2.632,0.005300353,0,0.000959773,0.000631333,5184
498,5.859,245440,199.405,1.066,0.005300353,0.001,0.000605682,0.000827203,2232
499,7.725,1068636,636.247,3.063,0.007067138,0.002,0.001202046,0.00093475,5968
500,16.08,10121760,4203.132,13.855,0.015017668,0.004,0.003690003,0.001499439,21898
501,16.117,9267580,3766.321,13.515,0.015017668,0.005,0.003457048,0.001522546,20032
502,0.981,8668,4.966,0.091,0.000883392,0,0.0001025,0.00021625,392
503,13.142,20342928,4250.139,15.54,0.012367491,0.002,0.003885684,0.001120237,37954
504,26.558,88821216,18878.704,42.706,0.025618375,0.007,0.009858643,0.002093275,81076
505,9.469,7743000,1863.163,9.38,0.008833922,0.001,0.002487956,0.000826741,20102
506,6.753,1180476,544.382,3.596,0.006183746,0,0.001127501,0.000714851,6458
507,15.167,8376480,3326.589,11.414,0.014134276,0.005,0.003354548,0.001436902,19664
508,11.53,2234624,1517.627,7.129,0.010600707,0.001,0.001891592,0.001117167,7722
509,8.663,1588840,907.604,4.605,0.00795053,0.001,0.001462956,0.000891848,7554
510,7.619,3519360,1214.902,6.997,0.007067138,0,0.001817047,0.000708352,12658
511,4.791,1198356,347.225,2.619,0.004416961,0,0.001034319,0.000501599,7828
512,14.251,7027072,2808.085,10.652,0.013250883,0.005,0.003056366,0.001313296,17700
513,11.364,8325952,2450.502,9.08,0.010600707,0.002,0.002832729,0.001104371,22926
514,1.96,38984,19.877,0.129,0.001766784,0.002,0.000205,0.000506403,1162
515,5.763,1499136,430.861,3.021,0.005300353,0.001,0.001136819,0.000618433,7758
516,0.974,17640,6.952,0.097,0.000883392,0,0.000139773,0.000218714,716
517,6.764,787836,551.01,3.464,0.006183746,0.002,0.001052955,0.000726172,4604
518,12.358,6852992,2716.437,12.813,0.011484099,0.003,0.002758184,0.00107209,15470
519,0.974,17640,6.952,0.097,0.000883392,0,0.000139773,0.000218714,716
520,4.752,2007236,390.922,3.02,0.004416961,0,0.001239319,0.000480666,10426
521,8.626,2633688,988.581,4.804,0.00795053,0.002,0.001658637,0.000921398,11388
522,3.84,673552,212.211,1.557,0.003533569,0,0.000801364,0.000457656,6008
523,11.497,3237648,1528.553,6.256,0.010600707,0.002,0.002068638,0.001213496,10566
524,2.799,1675564,164.104,1.305,0.002650177,0,0.001052955,0.000350585,12618
525,1.929,166400,39.18,0.396,0.001766784,0,0.000372728,0.000293788,3190
526,0.946,113956,13.48,0.13,0.000883392,0,0.000288864,0.000206973,2972
527,6.764,945744,495.546,2.732,0.006183746,0.001,0.001062273,0.000747239,5894
528,6.729,1401640,584.812,3.038,0.006183746,0.001,0.001248637,0.000752394,7844
529,4.849,451744,229.258,1.517,0.004416961,0,0.000708182,0.000574912,4216
530,1.942,100224,31.733,0.353,0.001766784,0,0.000298182,0.00030184,1972
531,1.944,95604,31.891,0.312,0.001766784,0,0.000288864,0.000313867,1930
532,22.224,46875668,11303.841,27.723,0.021201413,0.009,0.007109778,0.001992401,56520
533,4.797,873016,369.938,2.343,0.004416961,0.001,0.000987728,0.000585982,6454
534,2.808,1555200,164.349,1.226,0.002650177,0,0.001006364,0.000347838,12348
535,2.877,546720,94.191,0.583,0.002650177,0.002,0.000633637,0.000511183,6444
536,1.893,448228,59.797,0.496,0.001766784,0,0.000568409,0.000278202,5968
537,1.9,382356,55.407,0.484,0.001766784,0,0.000531137,0.000278641,5470
538,8.594,3615480,1199.443,6.154,0.00795053,0.002,0.001845001,0.000932611,13356
539,2.865,612300,119.145,1.022,0.002650177,0,0.000698864,0.000348752,6312
540,5.726,2307240,555.136,3.907,0.005300353,0,0.001351137,0.000556269,11550
541,5.737,1773984,510.817,3.078,0.005300353,0.001,0.001267274,0.000613995,9474
542,14.958,25070136,5790.895,22.739,0.014134276,0.001,0.004724321,0.001133072,37226
543,19.545,35354712,9575.886,25.833,0.018551237,0.007,0.005991595,0.001672769,46890
544,1.928,157760,38.941,0.434,0.001766784,0,0.000372728,0.000279668,2440
545,15.007,23005752,4898.875,14.681,0.014134276,0.005,0.004305003,0.001328889,43574
546,5.791,869024,354.205,2.031,0.005300353,0.002,0.000969092,0.000686455,6282
547,2.904,252928,81.45,0.92,0.002650177,0,0.000484546,0.000350671,2724
548,2.884,369936,103.717,0.94,0.002650177,0,0.000587046,0.000362688,3828
549,19.691,19702940,6763.345,18.133,0.018551237,0.008,0.005097049,0.001900067,32178
550,0.962,59752,9.436,0.117,0.000883392,0,0.000205,0.000203233,1514
551,5.726,1940856,567.554,3.88,0.005300353,0,0.001323183,0.000590763,9774
552,25.798,68953672,17126.858,46.142,0.024734982,0.003,0.008954779,0.001903921,67232
553,6.729,1888920,535.656,3.046,0.006183746,0.001,0.001257955,0.000768349,10076
554,21.467,26043108,8441.929,20.923,0.020318021,0.008,0.005935686,0.002002215,39742
555,12.407,4367016,2038.078,8.902,0.011484099,0.005,0.002441365,0.001188603,12260
556,3.86,521400,174.472,1.492,0.003533569,0,0.000698864,0.00044923,4412
557,5.776,1212100,396.966,2.87,0.005300353,0,0.001071592,0.000595005,7014
558,10.494,5159016,1389.825,5.402,0.009717314,0.004,0.002208411,0.001071503,17536
559,4.813,894152,272.68,1.889,0.004416961,0,0.000913182,0.000530638,6538
560,2.916,213992,63.843,0.473,0.002650177,0.002,0.000428637,0.000515736,3030
561,6.828,227088,335.849,1.983,0.006183746,0.001,0.000708182,0.000833402,2072
562,12.226,12855072,3427.603,12.637,0.011484099,0.002,0.003475684,0.001079536,27080
563,6.658,3490224,796.228,4.698,0.006183746,0.001,0.001658637,0.000640493,14636
564,31.986,74147676,19254.298,36.622,0.030918728,0.02,0.010930235,0.002965405,88702
565,9.512,4864432,1628.546,7.351,0.008833922,0.003,0.002199092,0.000942999,15776
566,4.791,1518480,293.931,1.968,0.004416961,0,0.001034319,0.000526703,10588
567,5.755,1929384,445.305,2.814,0.005300353,0,0.00118341,0.000589412,11052
568,18.696,24612576,6881.593,19.214,0.017667845,0.005,0.005292731,0.001699295,37834
569,9.527,5226520,1476.584,7.356,0.008833922,0.001,0.002143183,0.000889658,16574
570,1.898,472352,54.73,0.468,0.001766784,0,0.000540455,0.000284294,6490
571,14.059,22135860,5410.072,23.175,0.013250883,0.001,0.004332957,0.001048884,36156
572,7.686,2048960,799.838,4.127,0.007067138,0.002,0.001416365,0.000856881,10024
573,24.05,53916192,13713.196,34.121,0.022968198,0.005,0.007799323,0.001992353,59914
574,4.783,1791504,340.081,2.704,0.004416961,0,0.00108091,0.00049844,11098
575,0.977,15444,5.959,0.094,0.000883392,0,0.000121136,0.000208838,542
576,2.896,283584,96.62,0.852,0.002650177,0,0.000521819,0.000382506,3240
577,1.927,206148,36.537,0.456,0.001766784,0,0.000382046,0.000277285,2818
578,33.686,96620700,24953.333,45.16,0.032685512,0.032,0.011862054,0.003185659,104708
579,3.883,373320,132.485,1.409,0.003533569,0,0.000568409,0.000450832,3296
580,1.923,216204,38.732,0.462,0.001766784,0,0.000400682,0.000289252,2992
581,5.762,1553304,401.186,3.168,0.005300353,0,0.001136819,0.00057894,7374
582,2.886,380432,96.575,0.964,0.002650177,0.001,0.000577728,0.000379095,3954
583,0.953,98712,10.571,0.134,0.000883392,0,0.000251591,0.000203324,2264
584,15.143,11794632,3995.979,15.57,0.014134276,0.002,0.003559548,0.001312898,21356
585,19.544,34265296,8981.627,23.548,0.018551237,0.005,0.005972959,0.001708056,45930
586,8.532,6094020,1394.778,7.038,0.00795053,0.002,0.002189774,0.000821361,19194
587,3.904,250488,86.436,0.564,0.003533569,0.002,0.000456591,0.000655112,2630
588,26.773,51266072,14476.422,31.822,0.025618375,0.011,0.008405006,0.00247624,61714
589,2.909,240688,79.991,0.821,0.002650177,0,0.000456591,0.000357591,2628
590,22.346,35470568,10434.443,29.415,0.021201413,0.004,0.006550686,0.001823143,47166
591,20.468,36490480,9703.055,29.981,0.019434629,0.002,0.006299095,0.001577807,44060
592,14.202,10573464,3590.219,15.223,0.013250883,0.003,0.003382502,0.001238556,20454
593,7.673,2818176,726.02,4.777,0.007067138,0.003,0.001528183,0.000843329,11248
594,16.899,22065120,5752.707,20.714,0.01590106,0.001,0.004696367,0.00132987,32214
595,5.722,2314128,511.388,4.563,0.005300353,0,0.001379092,0.000512304,9966
596,6.657,4662840,785.441,4.735,0.006183746,0,0.00169591,0.00060853,21314
597,2.885,393120,103.771,0.94,0.002650177,0,0.000587046,0.000366776,4086
598,20.759,12371320,4933.437,13.275,0.019434629,0.008,0.004482049,0.00223838,27632
599,11.4,7752444,2416.655,12.599,0.010600707,0,0.00267432,0.000926713,18462
600,6.751,1270344,453.031,3.556,0.006183746,0,0.001146137,0.000635264,6002
601,5.803,830808,313.827,2.945,0.005300353,0,0.000922501,0.000587496,4632
602,7.714,1448672,695.779,3.978,0.007067138,0,0.001267274,0.00080485,7624
603,13.277,7312500,2955.366,9.706,0.012367491,0.004,0.003028411,0.001310232,19378
604,5.696,2752000,577.034,3.359,0.005300353,0.001,0.00149091,0.000600479,13962
605,2.897,257824,96.217,0.852,0.002650177,0,0.000521819,0.000362717,3126
606,4.741,2087224,435.653,2.826,0.004416961,0,0.001295228,0.000525589,12040
607,10.444,6259512,2010.085,7.624,0.009717314,0.003,0.002478638,0.001028759,19942
608,5.788,856904,407.364,2.557,0.005300353,0,0.000987728,0.000668547,6078
609,3.9,178092,131.562,1.044,0.003533569,0,0.000475228,0.000493259,2318
610,8.672,1389200,832.214,3.299,0.00795053,0.003,0.001407046,0.001048759,7692
611,6.737,1375656,558.998,2.999,0.006183746,0.001,0.001202046,0.000727988,7958
612,17.172,3941928,2703.624,7.538,0.01590106,0.011,0.002963184,0.002264392,13998
613,2.931,102384,64.144,0.62,0.002650177,0,0.000335455,0.000426134,1386
614,7.721,1298472,636.041,3.183,0.007067138,0,0.001220683,0.00082766,6148
615,0.977,15028,7.278,0.075,0.000883392,0,0.000121136,0.000220344,542
616,0.975,14672,7.135,0.086,0.000883392,0,0.000130455,0.000229543,626
617,4.832,654976,225.531,1.815,0.004416961,0.002,0.000801364,0.000647194,4822
618,0.975,14672,7.135,0.086,0.000883392,0,0.000130455,0.000229543,626
619,0.975,14672,7.135,0.086,0.000883392,0,0.000130455,0.000229543,626
620,2.912,185556,77.091,0.841,0.002650177,0,0.000437955,0.000396291,2124
621,5.766,1143352,489.789,2.606,0.005300353,0,0.001108864,0.00063685,7380
622,6.748,1231568,603.214,3.506,0.006183746,0,0.001155455,0.000729486,6830
623,5.758,1238512,554.321,3.262,0.005300353,0,0.001155455,0.000632991,7704
624,4.782,1242000,394.673,2.362,0.004416961,0,0.001071592,0.000549328,8416
625,4.763,1575000,414.717,2.634,0.004416961,0,0.001174092,0.000526128,9838
626,1.935,94608,44.241,0.327,0.001766784,0,0.000335455,0.0003072,1984
627,2.933,72800,72.227,0.472,0.002650177,0,0.000326137,0.000464076,1536
628,0.965,30560,11.524,0.085,0.000883392,0,0.000186364,0.000218148,1256
629,8.632,2848000,954.797,5.048,0.00795053,0.002,0.001658637,0.000891657,10242
630,3.839,689032,210.044,1.557,0.003533569,0,0.000801364,0.000461361,5858
631,1.899,391020,53.631,0.503,0.001766784,0,0.000531137,0.000275269,4924
632,7.668,2233656,817.863,4.578,0.007067138,0.001,0.001509546,0.000808559,9724
633,8.483,7983192,1690.185,9.181,0.00795053,0.001,0.002478638,0.000757144,22110
634,8.706,961016,677.661,3.241,0.00795053,0.001,0.001220683,0.001011724,5718
635,0.989,1728,4.094,0.036,0.000883392,0,5.59E-05,0.000262086,122
636,4.869,402072,154.246,0.995,0.004416961,0.001,0.000615,0.000683208,4540
637,0.975,18256,6.456,0.096,0.000883392,0,0.000130455,0.000211866,626
638,7.7,1554696,768.993,5.487,0.007067138,0,0.001332501,0.000752899,6112
639,1.958,45540,24.257,0.307,0.001766784,0,0.000214318,0.000306247,892
640,4.849,561484,204.798,1.8,0.004416961,0,0.0007175,0.000520272,3682
641,9.463,10417680,1613.311,6.725,0.008833922,0,0.002543865,0.000845899,31214
642,8.449,12392360,1739.416,8.307,0.00795053,0,0.002748866,0.000714446,32370
643,6.677,4159560,765.24,4.216,0.006183746,0,0.001584092,0.000634405,20138
644,0.883,1171872,28.866,0.2,0.000883392,0,0.00067091,0.000193091,15764
645,3.786,2569808,269.763,1.846,0.003533569,0,0.001136819,0.000407838,18374
646,3.781,2637000,279.588,1.864,0.003533569,0,0.001164774,0.000408144,18572
647,7.597,6021096,1111.649,6.341,0.007067138,0,0.001966138,0.000680309,23434
648,8.463,11462700,1873.327,9.099,0.00795053,0.001,0.002655684,0.000718896,32100
649,10.357,12849840,2554.122,10.505,0.009717314,0.003,0.003019093,0.000916893,32020
650,9.408,12302104,2360.183,11.513,0.008833922,0.001,0.002860684,0.000786162,30728
651,2.841,1673256,122.564,0.702,0.002650177,0.001,0.000866591,0.000406051,16548
652,2.842,895136,135.008,1.137,0.002650177,0,0.000820001,0.000352286,7566
653,1.925,187488,42.641,0.383,0.001766784,0,0.000391364,0.000302399,3442
654,15.097,12278376,4270.433,14.548,0.014134276,0.001,0.003792503,0.001352465,23840
655,1.889,482328,59.59,0.521,0.001766784,0,0.000587046,0.00028073,5956
656,8.525,5512320,1628.644,8.246,0.00795053,0.001,0.002236365,0.000803279,17556
657,9.594,2672608,1079.589,4.255,0.008833922,0.002,0.001751819,0.001037352,10520
658,8.621,3375252,813.279,3.227,0.00795053,0.008,0.001705228,0.00116971,15450
659,7.648,2760336,894.938,4.69,0.007067138,0.001,0.001621365,0.000786543,12028
660,22.343,31913144,9221.564,23.009,0.021201413,0.008,0.006438868,0.002067855,45468
661,10.557,2985796,1204.254,4.466,0.009717314,0.003,0.001854319,0.001173796,11572
662,10.41,8295448,2075.462,8.434,0.009717314,0.001,0.00267432,0.000980231,21370
663,10.44,6560372,2143.264,9.179,0.009717314,0.002,0.002506593,0.001021874,18310
664,2.887,423336,89.012,0.543,0.002650177,0.002,0.000577728,0.000519394,5160
665,1.93,165672,38.976,0.355,0.001766784,0,0.000363409,0.000321555,3298
666,3.828,1034532,203.665,1.827,0.003533569,0,0.000866591,0.000416037,7634
667,0.97,34204,7.189,0.11,0.000883392,0,0.000158409,0.000204599,914
668,6.715,1859000,710.748,3.678,0.006183746,0.001,0.001332501,0.000744204,9524
669,5.811,750120,371.679,3.053,0.005300353,0,0.00087591,0.000595019,5058
670,0.965,45760,8.537,0.114,0.000883392,0,0.000186364,0.000207329,1256
671,8.615,3120580,1009.034,4.87,0.00795053,0.003,0.001723865,0.001015297,13452
672,4.792,1403928,317.657,2.858,0.004416961,0,0.001034319,0.000473722,7294
673,1.93,164268,38.097,0.412,0.001766784,0,0.000363409,0.000288004,2434
674,1.956,42912,29.281,0.272,0.001766784,0,0.000223637,0.000310053,898
675,8.675,1543200,866.587,4.233,0.00795053,0.001,0.001397728,0.000954634,7050
676,2.853,1013376,118.551,1.177,0.002650177,0,0.000782728,0.000327053,7620
677,11.376,8001472,2434.462,10.901,0.010600707,0.002,0.002758184,0.001002745,18294
678,2.833,1481772,142.916,1.091,0.002650177,0,0.000903864,0.000367604,11934
679,0.935,243672,15.45,0.152,0.000883392,0,0.000363409,0.000197691,4676
680,4.766,2190336,321.01,2.269,0.004416961,0.002,0.001192728,0.000593722,11740
681,1.919,307756,43.974,0.397,0.001766784,0,0.000437955,0.000310718,4852
682,1.94,93720,34.66,0.375,0.001766784,0,0.0003075,0.000297875,1642
683,1.961,28644,24.132,0.282,0.001766784,0,0.000195682,0.000308633,658
684,1.972,13380,18.066,0.188,0.001766784,0,0.000139773,0.000343544,394
685,0.943,134904,14.379,0.133,0.000883392,0,0.0003075,0.000202231,3362
686,2.918,191664,67.027,0.827,0.002650177,0,0.00041,0.000354704,2058
687,19.713,18017532,6848.106,20.233,0.018551237,0.01,0.004966594,0.00178764,31158
688,5.737,1970060,517.991,4.065,0.005300353,0,0.001276592,0.000557826,8976
689,4.837,549792,259.897,1.678,0.004416961,0,0.00077341,0.000571439,3904
690,0.969,38016,7.639,0.111,0.000883392,0,0.000167727,0.000204782,1022
691,11.351,9895392,2643.053,10.451,0.010600707,0.003,0.002907275,0.001054751,24840
692,8.519,6385968,1554.814,8.838,0.00795053,0.001,0.002273638,0.000750466,18594
693,5.707,2763992,547.891,3.166,0.005300353,0.001,0.001435001,0.000661432,14346
694,12.425,4524652,1873.28,7.027,0.011484099,0.002,0.002357502,0.001339558,13538
695,11.332,11904084,2896.016,13.122,0.010600707,0.001,0.00308432,0.000926113,24960
696,5.77,1478456,414.452,4.077,0.005300353,0,0.001108864,0.00052033,6828
697,6.733,1715700,535.203,3.232,0.006183746,0.001,0.001239319,0.000673436,8540
698,17.856,20462600,5924.038,19.724,0.016784452,0.003,0.004705685,0.001518516,31292
699,9.649,1531920,859.834,4.969,0.008833922,0.001,0.001453637,0.001014006,6224
700,6.721,1631860,603.336,3.128,0.006183746,0.001,0.001295228,0.000749216,8684
701,6.756,1081824,515.692,2.763,0.006183746,0.004,0.001099546,0.000885599,5870
702,4.794,1238112,328.992,2.597,0.004416961,0,0.001006364,0.000498592,7384
703,2.896,278432,88.874,0.909,0.002650177,0,0.000521819,0.000352692,3336
704,5.735,1732776,514.527,3.184,0.005300353,0.001,0.001276592,0.000585764,9000
705,8.54,5434440,1378.284,7.123,0.00795053,0.002,0.002143183,0.000810083,16872
706,11.498,3368184,1598.09,7.637,0.010600707,0.003,0.002068638,0.001133039,11718
707,8.586,3853352,1153.808,5.214,0.00795053,0.001,0.001882274,0.000875732,14520
708,2.824,1147384,164.859,1.095,0.002650177,0,0.000913182,0.00036412,9768
709,14.154,11456480,3660.472,11.961,0.013250883,0.003,0.003596821,0.001276161,24222
710,6.744,1591564,434.422,2.409,0.006183746,0.003,0.00118341,0.000794094,9440
711,14.175,11787412,3633.335,12.277,0.013250883,0.006,0.003457048,0.0014222,26184
712,4.808,973200,316.106,2.251,0.004416961,0.001,0.000931819,0.000542198,7570
713,1.86,957760,72.694,0.59,0.001766784,0,0.000745455,0.000271587,9616
714,2.906,316608,68.093,0.427,0.002650177,0.002,0.000475228,0.000579512,5304
715,5.675,3334048,605.697,3.548,0.005300353,0.001,0.001602728,0.000604411,16170
716,1.943,67704,37.538,0.312,0.001766784,0,0.000288864,0.000315983,1444
717,0.973,15900,8.491,0.078,0.000883392,0,0.000139773,0.000226711,716
718,4.848,387600,234.729,1.596,0.004416961,0,0.000708182,0.000573789,3328
719,4.812,1041480,292.969,2.53,0.004416961,0,0.000922501,0.00049178,6472
720,3.801,1661004,230.265,1.934,0.003533569,0,0.001034319,0.000416466,10694
721,5.771,1417888,405.976,2.991,0.005300353,0,0.001099546,0.000584125,7500
722,0.941,184940,13.823,0.146,0.000883392,0,0.000326137,0.000197281,3776
723,4.801,1187200,299.708,2.63,0.004416961,0,0.000987728,0.000492339,7312
724,20.513,34049136,9344.056,25.971,0.019434629,0.005,0.006047504,0.001741569,46670
725,19.618,29085980,8226.874,26.174,0.018551237,0.005,0.005637504,0.001552739,39078
726,21.389,42270624,11131.139,36.076,0.020318021,0.002,0.006765005,0.001571816,48796
727,1.912,310600,43.938,0.502,0.001766784,0,0.000465909,0.00026939,3934
728,4.854,419728,232.713,1.916,0.004416961,0,0.000689546,0.000556571,3958
729,12.241,14026496,3254.581,15.734,0.011484099,0.001,0.003485002,0.000954107,25970
730,17.769,26992992,7324.634,24.195,0.016784452,0.003,0.005208867,0.001413243,37616
731,7.776,624400,427.379,2.574,0.007067138,0.001,0.000931819,0.00088821,4402
732,1.966,15912,24.562,0.197,0.001766784,0,0.000167727,0.000325439,490
733,1.966,15912,24.562,0.197,0.001766784,0,0.000167727,0.000325439,490
734,2.908,200312,89.221,0.678,0.002650177,0,0.000456591,0.000409331,3258
735,1.916,254592,42.141,0.496,0.001766784,0,0.000447273,0.000269448,3574
736,5.753,1792068,424.404,3.221,0.005300353,0,0.001202046,0.000557352,9108
737,5.797,928648,347.804,2.681,0.005300353,0,0.000959773,0.000626519,6006
738,1.943,103296,30.725,0.372,0.001766784,0,0.000298182,0.000290798,1792
739,1.911,292128,43.136,0.524,0.001766784,0,0.000475228,0.00027281,3952
740,0.952,85344,10.977,0.135,0.000883392,0,0.000260909,0.000203712,2432
741,5.779,1064000,404.993,2.896,0.005300353,0.001,0.001043637,0.000599214,6228
742,5.784,1153240,370.268,2.832,0.005300353,0.001,0.001025001,0.000587511,6918
743,10.442,7414720,2035.256,9.778,0.009717314,0.001,0.002534547,0.000901432,21034
744,9.549,3956264,1455.332,8.859,0.008833922,0,0.002031365,0.000814479,12482
745,9.57,3560440,1417.127,8.069,0.008833922,0.001,0.001910229,0.000845011,12254
746,8.648,2064384,1047.522,7.303,0.00795053,0,0.001565456,0.000754378,7560
747,4.737,2441088,400.612,3.245,0.004416961,0,0.001341819,0.000458577,12232
748,10.5,4678380,1721.642,8.942,0.009717314,0.001,0.002208411,0.000950147,14836
749,3.882,336964,137.094,1.523,0.003533569,0,0.000568409,0.000428031,2552
750,6.674,2937196,713.294,3.648,0.006183746,0.001,0.001556137,0.000675411,12374
751,0.977,10816,8.044,0.065,0.000883392,0,0.000121136,0.000223594,542
752,4.859,294840,275,1.6,0.004416961,0,0.000652273,0.000577681,2476
753,3.862,557720,185.392,1.251,0.003533569,0,0.000680228,0.000491315,5546
754,3.915,96768,119.245,0.877,0.003533569,0,0.000391364,0.000515299,1298
755,4.852,337440,262.304,1.916,0.004416961,0,0.000689546,0.000554416,2818
756,18.718,28444440,8145.667,29.626,0.017667845,0.001,0.005460458,0.00140356,38308
757,16.25,3733800,2556.411,8.666,0.015017668,0.004,0.002739547,0.001919817,12604
758,0.991,1080,3.619,0.025,0.000883392,0,4.66E-05,0.000306884,86
759,0.991,1080,3.619,0.025,0.000883392,0,4.66E-05,0.000306884,86
760,0.981,10340,4.966,0.091,0.000883392,0,0.0001025,0.000215161,392
761,6.743,1291752,532.973,3.077,0.006183746,0.001,0.001174092,0.000762049,6572
762,1.882,581292,67.219,0.514,0.001766784,0,0.000624319,0.000276597,6790
763,0.948,119520,13.031,0.129,0.000883392,0,0.000279546,0.000204528,2786
764,2.909,254408,69.467,0.441,0.002650177,0.001,0.000456591,0.000484185,4224
765,12.437,3776144,1740.103,6.736,0.011484099,0.004,0.002273638,0.001372438,12524
766,2.901,327240,84.144,0.757,0.002650177,0,0.000503182,0.000382766,4440
767,5.694,3133512,576.766,3.48,0.005300353,0,0.001518865,0.000571684,13854
768,1.966,24912,15.904,0.123,0.001766784,0.002,0.000167727,0.000521116,742
769,11.43,5293640,2280.692,9.857,0.010600707,0.001,0.00246932,0.001052509,13704
770,7.709,1542800,703.611,4.075,0.007067138,0,0.001304546,0.000839885,7222
771,3.921,94848,80.206,0.763,0.003533569,0.002,0.000363409,0.000599857,1226
772,5.761,1306752,502.407,3.539,0.005300353,0,0.001146137,0.000595251,7338
773,3.891,242144,134.618,1.341,0.003533569,0,0.000521819,0.000432549,2204
774,3.895,209088,121.798,0.922,0.003533569,0,0.000503182,0.000480033,2240
775,20.607,21027640,7540.926,23.419,0.019434629,0.006,0.005385913,0.001713407,31958
776,1.942,96896,31.831,0.391,0.001766784,0,0.000298182,0.000280059,1576
777,1.876,865488,62.906,0.589,0.001766784,0,0.000680228,0.000256753,8854
778,2.935,90168,57.394,0.697,0.002650177,0,0.000316818,0.000391663,1116
779,0.92,411264,19.109,0.165,0.000883392,0,0.000447273,0.000194548,7052
780,13.196,14622408,3696.2,16.311,0.012367491,0,0.003606139,0.001033093,26308
781,3.795,1985920,232.696,2.154,0.003533569,0,0.00108091,0.000383334,11330
782,0.974,24720,6.291,0.107,0.000883392,0,0.000139773,0.000202754,716
783,7.689,2336488,777.705,5.603,0.007067138,0.001,0.001435001,0.000691687,9034
784,10.534,3701152,1388.104,8.301,0.009717314,0.001,0.002022047,0.00088945,10204
785,0.97,28084,7.189,0.11,0.000883392,0,0.000158409,0.000200516,914
786,12.384,6588240,2461.312,13.085,0.011484099,0,0.002637047,0.00098612,14180
787,2.892,370520,86.887,0.98,0.002650177,0,0.000549773,0.000333273,3762
788,12.27,13137080,3659.789,19.624,0.011484099,0,0.003401139,0.000911654,24608
789,0.972,32896,6.74,0.108,0.000883392,0,0.000149091,0.000201351,812
790,3.812,1358700,222.904,1.86,0.003533569,0,0.00097841,0.000407719,9446
791,0.934,259200,15.856,0.153,0.000883392,0,0.000372728,0.000193462,4916
792,5.731,2387520,513.396,4.299,0.005300353,0,0.001341819,0.000521384,10386
793,7.714,1319584,656.21,3.231,0.007067138,0.002,0.001276592,0.000839594,6802
794,2.899,345632,81.737,0.966,0.002650177,0,0.000521819,0.000337924,3492
795,6.77,884892,464.634,2.809,0.006183746,0.002,0.001034319,0.000752065,5534
796,2.875,594160,95.344,1.143,0.002650177,0,0.000652273,0.000326872,4806
797,1.921,225000,39.539,0.487,0.001766784,0,0.000419318,0.000267582,3064
798,2.877,538200,93.855,1.139,0.002650177,0,0.000642955,0.000322449,4590
799,1.95,92848,24.669,0.303,0.001766784,0,0.000260909,0.000343627,1840
800,0.947,121148,12.197,0.14,0.000883392,0,0.000288864,0.00019708,2972
801,1.909,308256,45.83,0.508,0.001766784,0,0.000484546,0.000264924,4234
802,4.849,638040,196.202,1.687,0.004416961,0.002,0.000726819,0.00062236,4432
803,0.974,24660,6.291,0.107,0.000883392,0,0.000139773,0.000208448,716
804,0.974,24660,6.291,0.107,0.000883392,0,0.000139773,0.000208448,716
805,0.988,3220,4.445,0.047,0.000883392,0,6.52E-05,0.00024015,164
806,5.816,524520,355.639,2.288,0.005300353,0.001,0.000838637,0.000651272,3786
807,1.962,51492,19.891,0.263,0.001766784,0,0.000195682,0.000359832,958
808,9.622,1986256,1158.259,5.803,0.008833922,0.001,0.001602728,0.00102071,8678
809,9.591,2732828,1211.764,6.647,0.008833922,0.001,0.001779774,0.000883507,9476
810,3.869,465060,154.368,1.609,0.003533569,0,0.000642955,0.000422953,3266
811,5.746,1900024,448.646,2.893,0.005300353,0.001,0.001220683,0.000638286,12174
812,4.816,1050240,253.253,1.797,0.004416961,0.001,0.000894546,0.000566968,8542
813,1.879,697728,59.311,0.577,0.001766784,0,0.000642955,0.00026813,8002
814,1.908,394368,47.678,0.393,0.001766784,0,0.000484546,0.000306515,6580
815,1.887,574464,58.002,0.524,0.001766784,0,0.000596364,0.000294866,7408
816,8.605,3150736,1189.019,5.94,0.00795053,0.002,0.001779774,0.000881169,12810
817,4.818,796744,303.033,2.255,0.004416961,0,0.00087591,0.000524787,5914
818,3.898,193024,127.12,1.165,0.003533569,0,0.000484546,0.000509841,2114
819,7.697,1788792,734.415,4.191,0.007067138,0.001,0.001360455,0.000815163,8704
820,1.926,176300,41.648,0.38,0.001766784,0,0.000382046,0.000297175,3250
821,5.762,1322288,462.005,2.67,0.005300353,0.001,0.001127501,0.000656394,8322
822,6.761,912180,526.795,2.689,0.006183746,0.001,0.001071592,0.000775859,5690
823,1.947,80040,29.577,0.363,0.001766784,0,0.000270227,0.000290199,1360
824,10.541,3133328,1531.333,6.557,0.009717314,0.003,0.001947501,0.001134775,11134
825,3.898,234208,109.973,0.883,0.003533569,0,0.000484546,0.000502177,2360
826,1.916,259628,42.923,0.474,0.001766784,0,0.000437955,0.000273368,3466
827,3.793,1618344,247.237,2.028,0.003533569,0,0.001062273,0.000404753,9248
828,1.979,6116,14.477,0.138,0.001766784,0,0.0001025,0.000359974,184
829,2.878,499552,98.973,1.044,0.002650177,0,0.000624319,0.000369422,4518
830,0.951,104272,10.977,0.135,0.000883392,0,0.000260909,0.000199852,2432
831,3.827,894288,209.83,1.751,0.003533569,0,0.000866591,0.000428225,6452
832,0.984,5508,4.852,0.069,0.000883392,0,8.39E-05,0.00022263,266
833,10.523,3507680,1531.039,7.687,0.009717314,0.001,0.002050001,0.000940687,10792
834,7.71,1286160,767.835,4.753,0.007067138,0.002,0.00128591,0.00082482,6160
835,1.948,88276,30.361,0.363,0.001766784,0,0.000270227,0.000285387,1270
836,11.509,3298100,1520.39,6.679,0.010600707,0.007,0.00200341,0.00144696,10836
837,3.907,178600,106.363,0.8,0.003533569,0,0.000437955,0.000511825,1856
838,4.78,1531764,336.715,2.005,0.004416961,0,0.001090228,0.000557744,9778
839,1.923,194360,43.905,0.424,0.001766784,0,0.000400682,0.000298701,2794
840,8.683,1211328,791.152,3.611,0.00795053,0.001,0.001341819,0.000955433,5490
841,1.947,70876,31.94,0.344,0.001766784,0,0.000270227,0.000298098,1270
842,1.949,51296,35.067,0.284,0.001766784,0,0.000260909,0.000329556,1192
843,0.977,16120,5.959,0.094,0.000883392,0,0.000121136,0.000214693,542
844,3.877,353024,145.471,1.427,0.003533569,0,0.000596364,0.00046177,3242
845,0.981,10560,6.065,0.072,0.000883392,0,0.0001025,0.000221407,392
846,5.817,586332,346.937,2.33,0.005300353,0,0.000829319,0.00064507,3534
847,9.663,1088976,924.656,5.812,0.008833922,0,0.001369774,0.000945865,4814
848,12.414,4286880,2154.81,8.506,0.011484099,0.001,0.002422729,0.001230233,13718
849,12.44,3642432,1956.249,8.322,0.011484099,0.001,0.002273638,0.001177985,11942
850,1.975,10452,14.725,0.182,0.001766784,0,0.000121136,0.000372098,310
851,3.865,516384,157.986,1.55,0.003533569,0,0.00067091,0.000437818,4196
852,0.965,44400,8.537,0.114,0.000883392,0,0.000186364,0.000205581,1256
853,7.768,733824,457.439,2.709,0.007067138,0.001,0.000969092,0.000887347,4108
854,2.912,220336,80.46,0.726,0.002650177,0,0.000437955,0.000376272,2670
855,6.787,702800,428.506,2.572,0.006183746,0.001,0.000931819,0.000745992,4292
856,0.97,27200,7.945,0.1,0.000883392,0,0.000158409,0.000227464,914
857,0.97,27200,7.945,0.1,0.000883392,0,0.000158409,0.000227464,914
858,0.97,27200,7.945,0.1,0.000883392,0,0.000158409,0.000227464,914
859,8.621,3153456,1057.47,6.27,0.00795053,0.002,0.001705228,0.000850911,11280
860,7.731,907500,629.354,3.083,0.007067138,0.001,0.001164774,0.000829314,5008
861,5.762,1822860,394.037,2.151,0.005300353,0.001,0.001146137,0.000684582,11628
862,0.989,3096,3.704,0.046,0.000883392,0,5.59E-05,0.000243538,122
863,0.955,111132,10.571,0.134,0.000883392,0,0.000251591,0.000195004,2264
864,2.895,313272,92.07,0.914,0.002650177,0,0.000531137,0.000365623,3324
865,2.937,77352,51.171,0.411,0.002650177,0,0.0003075,0.000426012,1254
866,1.904,363096,48.617,0.494,0.001766784,0,0.000503182,0.000276741,5170
867,0.986,5536,4.246,0.068,0.000883392,0,7.45E-05,0.000227349,212
868,9.59,2498120,1219.368,5.36,0.008833922,0.001,0.001770456,0.000975786,10184
869,7.679,1925664,785.235,3.485,0.007067138,0.001,0.001453637,0.000814941,9790
870,10.531,3976640,1497.804,6.768,0.009717314,0.004,0.00200341,0.00112732,14614
871,3.893,219780,137.94,1.259,0.003533569,0,0.0005125,0.000465902,2138
872,8.713,958088,667.291,3.155,0.00795053,0,0.00118341,0.000949917,5328
873,0.96,50876,10.925,0.109,0.000883392,0,0.000214318,0.000220249,1652
874,4.784,1350216,336.547,1.868,0.004416961,0.002,0.001062273,0.000670068,9262
875,4.842,467520,249.103,1.621,0.004416961,0,0.000745455,0.000577015,3946
876,0.96,50876,10.925,0.109,0.000883392,0,0.000214318,0.000220249,1652
877,1.935,113760,37.491,0.384,0.001766784,0,0.000335455,0.000299728,2128
878,3.867,413560,159.762,0.996,0.003533569,0.001,0.000652273,0.000526592,4046
879,2.877,438180,110.002,0.929,0.002650177,0,0.000624319,0.000382788,4866
880,2.945,46816,52.004,0.527,0.002650177,0,0.000260909,0.000418938,792
881,4.882,217740,143.71,0.983,0.004416961,0,0.000531137,0.000640249,2326
882,3.903,173656,123.868,1.147,0.003533569,0,0.000456591,0.000471803,1694
883,1.965,29108,20.302,0.295,0.001766784,0,0.000177046,0.00029254,550
884,12.263,12420128,3160.982,14.024,0.011484099,0.003,0.003317275,0.001104725,26402
885,11.366,10005116,2956.921,17.572,0.010600707,0,0.002972502,0.000850868,21180
886,11.36,10531296,2972.193,17.973,0.010600707,0,0.003019093,0.000842888,21588
887,10.422,9083448,2541,16.463,0.009717314,0,0.002767502,0.000782093,20332
888,11.36,10531296,2972.193,17.973,0.010600707,0,0.003019093,0.000842888,21588
889,6.73,1610820,587.879,4.074,0.006183746,0,0.001257955,0.000637689,8204
890,10.468,6029312,1690.475,8.232,0.009717314,0.003,0.002385456,0.001002415,16990
891,8.574,4132224,1238.643,6.779,0.00795053,0.001,0.001966138,0.000779221,14796
892,9.413,9982364,2252.546,11.868,0.008833922,0,0.002804775,0.000762923,22964
893,3.77,2318160,263.43,2.237,0.003533569,0,0.001211364,0.000378296,12302
894,8.678,1648800,813.435,4.355,0.00795053,0.001,0.001397728,0.000869895,7266
895,10.466,6017912,1611.543,7.36,0.009717314,0.001,0.002394774,0.00091371,16678
896,10.533,3635712,1427.546,7.427,0.009717314,0.001,0.002012729,0.0009677,11974
897,0.993,816,2.715,0.024,0.000883392,0,3.73E-05,0.000276454,56
898,2.903,269152,74.642,0.491,0.002650177,0.002,0.000484546,0.000534408,4044
899,2.94,58900,55.922,0.569,0.002650177,0,0.000288864,0.000420352,1008
900,3.912,122672,95.248,0.786,0.003533569,0,0.00041,0.000541251,1640
901,0.982,9600,5.459,0.071,0.000883392,0,9.32E-05,0.000215369,326
902,7.749,770040,552.92,3.003,0.007067138,0.001,0.001071592,0.000843511,4246
903,3.922,72960,105.148,0.853,0.003533569,0,0.000354091,0.000503736,1010
904,5.827,430272,317.305,2.235,0.005300353,0,0.00077341,0.000644832,3060
905,3.815,1338648,226.312,1.728,0.003533569,0,0.000950455,0.000431248,9386
906,0.977,10868,7.278,0.075,0.000883392,0,0.000121136,0.000220052,542
907,8.715,703080,710.337,3.041,0.00795053,0.001,0.001174092,0.000950222,4056
908,10.557,2395008,1288.838,5.823,0.009717314,0.002,0.001845001,0.001030192,9520
909,0.963,39564,9.932,0.106,0.000883392,0,0.000195682,0.000214881,1382
910,5.816,430200,382.898,2.141,0.005300353,0.001,0.000838637,0.000666629,3558
911,1.942,76416,35.287,0.334,0.001766784,0,0.000298182,0.000304751,1720
912,8.695,1227648,701.695,3.351,0.00795053,0.003,0.00128591,0.000986173,6474
913,0.948,122160,13.031,0.129,0.000883392,0,0.000279546,0.000201829,2786
914,2.846,876856,131.715,1.128,0.002650177,0,0.000801364,0.000346012,7194
915,2.9,337700,72.616,0.582,0.002650177,0,0.0005125,0.000396806,3810
916,0.963,48384,8.987,0.115,0.000883392,0,0.000195682,0.000203601,1382
917,0.958,62400,10.335,0.12,0.000883392,0,0.000223637,0.000201402,1796
918,0.988,2100,4.445,0.047,0.000883392,0,6.52E-05,0.00024542,164
919,2.905,268056,70.745,0.509,0.002650177,0.002,0.000475228,0.000524686,3960
920,6.691,2785920,707.071,4.359,0.006183746,0,0.00149091,0.000626498,11774
921,2.861,935064,105.731,0.635,0.002650177,0.001,0.000726819,0.000407483,9792
922,3.802,1593580,225.867,1.297,0.003533569,0,0.001015683,0.000472252,12320
923,4.854,362080,224.2,1.578,0.004416961,0.001,0.000680228,0.000607259,3076
924,4.875,223016,200.592,1.772,0.004416961,0,0.000568409,0.000579006,2038
925,1.928,136480,43.152,0.396,0.001766784,0,0.000372728,0.000299442,2476
926,1.957,69696,21.075,0.291,0.001766784,0,0.000223637,0.000342986,1300
927,1.956,47616,24.089,0.348,0.001766784,0,0.000223637,0.00028752,874
928,2.895,308940,97.521,0.77,0.002650177,0,0.000531137,0.000407764,3858
929,3.856,526832,181.702,1.498,0.003533569,0,0.000708182,0.000454256,4562
930,3.848,795072,165.491,1.052,0.003533569,0.002,0.000764091,0.000592616,7418
931,2.935,96152,51.83,0.312,0.002650177,0.002,0.000316818,0.000603689,2058
932,4.816,793820,290.95,1.712,0.004416961,0.001,0.000885228,0.000557676,6100
933,1.931,134368,39.687,0.39,0.001766784,0,0.000354091,0.000299024,2422
934,0.968,35064,7.639,0.111,0.000883392,0,0.000167727,0.00021065,1022
935,4.882,203148,175.328,1.243,0.004416961,0,0.000531137,0.000679891,1918
936,4.82,801256,273.362,2.493,0.004416961,0,0.00087591,0.000486795,5878
937,2.881,498168,95.184,0.982,0.002650177,0,0.000615,0.000338204,5280
938,2.864,681264,104.283,1.17,0.002650177,0,0.000708182,0.000326648,6168
939,0.97,31892,7.945,0.1,0.000883392,0,0.000158409,0.000207519,914
940,6.761,1032408,444.652,3.308,0.006183746,0,0.001090228,0.000662195,5690
941,3.89,244416,132.153,1.271,0.003533569,0,0.000531137,0.000447447,2690
942,4.868,270400,200.886,1.45,0.004416961,0,0.000605682,0.000540774,2386
943,2.88,518312,101.609,0.987,0.002650177,0,0.000624319,0.000337296,5418
944,2.881,496848,99.789,0.982,0.002650177,0,0.000615,0.000340953,5334
945,9.532,4434144,1526.149,9.139,0.008833922,0,0.002124547,0.000810708,13388
946,4.786,1313736,327.797,2.737,0.004416961,0,0.001062273,0.00048546,8134
947,0.984,7704,4.852,0.069,0.000883392,0,8.39E-05,0.000220312,266
948,0.986,3072,5.186,0.049,0.000883392,0,7.45E-05,0.000259518,212
949,0.986,3072,5.186,0.049,0.000883392,0,7.45E-05,0.000259518,212
950,5.852,284832,247.587,2.031,0.005300353,0,0.000642955,0.000683309,2190
951,1.919,226136,44.169,0.452,0.001766784,0,0.000428637,0.000280571,3508
952,4.823,762864,289.329,2.287,0.004416961,0,0.000857273,0.000534139,5458
953,8.621,2599688,1129.764,6.051,0.00795053,0.001,0.00169591,0.000872218,9972
954,6.749,1282152,568.135,3.731,0.006183746,0,0.001146137,0.00067331,6392
955,0.93,268140,16.263,0.155,0.000883392,0,0.000382046,0.000198258,5162
956,0.929,245180,17.973,0.145,0.000883392,0,0.000382046,0.000206912,5162
957,8.624,2794320,1141.686,5.752,0.00795053,0.001,0.001677274,0.000863397,12252
958,8.638,2878028,828.064,3.849,0.00795053,0.002,0.001612047,0.000922859,12828
959,0.929,245180,17.973,0.145,0.000883392,0,0.000382046,0.000206912,5162
960,3.875,453552,128.107,1.007,0.003533569,0.002,0.000615,0.000582529,4646
961,1.895,449760,51.224,0.55,0.001766784,0,0.000559091,0.000262298,5518
962,4.815,873216,305.046,2.365,0.004416961,0,0.000894546,0.000504987,5584
963,3.901,174600,127.586,1.115,0.003533569,0,0.000465909,0.000473057,1844
964,0.948,111120,13.031,0.129,0.000883392,0,0.000279546,0.000208698,2786
965,3.846,714712,190.193,1.495,0.003533569,0,0.000764091,0.000439899,6218
966,0.948,111120,13.031,0.129,0.000883392,0,0.000279546,0.000208698,2786
967,1.926,157112,45.166,0.361,0.001766784,0,0.000382046,0.000318753,3118
968,4.847,435512,223.276,1.08,0.004416961,0.001,0.0007175,0.000696908,4456
969,1.926,153832,45.166,0.361,0.001766784,0,0.000382046,0.000315217,3118
970,0.947,96840,14.401,0.119,0.000883392,0,0.000279546,0.000219498,2786
971,0.947,96840,14.401,0.119,0.000883392,0,0.000279546,0.000219498,2786
972,0.981,10340,6.065,0.072,0.000883392,0,0.0001025,0.00022922,392
973,0.981,10340,6.065,0.072,0.000883392,0,0.0001025,0.00022922,392
974,1.915,302976,48.6,0.4,0.001766784,0,0.000447273,0.00029552,4720
975,2.885,486360,100.533,0.912,0.002650177,0,0.000587046,0.000365267,5292
976,10.619,1515248,1004.788,4.905,0.009717314,0.001,0.001518865,0.0010473,6238
977,0.969,33912,6.912,0.121,0.000883392,0,0.000167727,0.000201938,1022
978,2.881,543456,90.868,1.106,0.002650177,0,0.000633637,0.000325935,4902
979,4.899,106408,142.164,0.685,0.004416961,0.002,0.000437955,0.000752441,1336
980,4.871,248472,198.962,1.359,0.004416961,0,0.000587046,0.000618122,2230
981,8.65,2269864,884.272,4.883,0.00795053,0.002,0.001556137,0.000887264,8928
982,2.891,377760,87.041,0.984,0.002650177,0,0.000559091,0.000340876,3876
983,8.633,2490752,943.086,5.457,0.00795053,0.001,0.001640001,0.000784794,8802
984,1.956,36576,31.114,0.253,0.001766784,0,0.000223637,0.000312453,862
985,4.828,706660,290.611,2.027,0.004416961,0.001,0.000829319,0.000592073,6124
986,2.87,639772,108.512,1.013,0.002650177,0,0.000680228,0.000350032,6216
987,4.869,285220,193.409,1.371,0.004416961,0.001,0.000605682,0.000664362,2734
988,3.931,63624,82.894,0.555,0.003533569,0,0.0003075,0.000578734,740
989,2.949,44824,52.224,0.461,0.002650177,0,0.000242273,0.000414782,630
990,4.894,151000,145.736,1.122,0.004416961,0,0.000465909,0.000666661,1576
991,0.975,18144,6.456,0.096,0.000883392,0,0.000130455,0.000207174,626
992,5.836,337272,299.189,2.197,0.005300353,0,0.000726819,0.000645163,2682
993,1.899,457840,47.332,0.567,0.001766784,0,0.000549773,0.00025646,5512
994,1.949,54768,31.985,0.322,0.001766784,0,0.000260909,0.000295034,1180
995,12.383,5097408,2412.341,8.64,0.011484099,0.001,0.002590456,0.001214651,15584
996,7.697,1627024,853.354,5.042,0.007067138,0,0.001360455,0.000763476,7792
997,1.979,6996,12.89,0.157,0.001766784,0.001,0.0001025,0.000413499,208
998,1.961,30072,20.66,0.117,0.001766784,0.002,0.000195682,0.000525137,1048
999,1.935,102960,40.031,0.365,0.001766784,0,0.000335455,0.000297399,1942
1000,0.968,25560,9.33,0.092,0.000883392,0,0.000167727,0.000221051,1022
1001,6.757,1048788,476.373,2.655,0.006183746,0.004,0.001090228,0.000901018,6992
1002,2.871,550108,117.454,0.861,0.002650177,0,0.000661591,0.000390204,6264
1003,4.882,184452,184.985,1.742,0.004416961,0,0.000531137,0.000559224,1714
1004,5.83,315208,366,1.933,0.005300353,0,0.000764091,0.00065984,2682
1005,10.634,880264,973.784,3.747,0.009717314,0.001,0.001435001,0.001128286,4600
1006,0.965,64848,8.131,0.125,0.000883392,0,0.000195682,0.000196825,1382
1007,3.849,555840,189.663,1.598,0.003533569,0,0.000745455,0.000430016,4652
1008,1.928,130080,44.883,0.377,0.001766784,0,0.000372728,0.000299297,2656
1009,6.796,596220,363.506,1.907,0.006183746,0.002,0.000885228,0.000886455,4298
1010,3.853,577824,184.164,1.548,0.003533569,0,0.000726819,0.000460162,4778
1011,2.916,178200,67.322,0.469,0.002650177,0,0.000419318,0.000457676,2856
1012,0.944,121728,15.394,0.122,0.000883392,0,0.000298182,0.000211001,3164
1013,2.893,313200,103.079,0.803,0.002650177,0,0.000540455,0.000388711,4122
1014,1.93,158652,43.075,0.316,0.001766784,0,0.000363409,0.000327236,3298
1015,0.966,30780,8.939,0.103,0.000883392,0,0.000177046,0.000215609,1136
1016,1.945,69960,31.823,0.347,0.001766784,0,0.000279546,0.000302668,1474
1017,2.95,26700,51.018,0.399,0.002650177,0,0.000232955,0.00049908,666
1018,0.979,8496,7.374,0.064,0.000883392,0,0.000111818,0.000240284,464
1019,3.934,36828,76.024,0.516,0.003533569,0,0.000288864,0.000627955,746
1020,4.81,761508,332.57,2.339,0.004416961,0,0.000922501,0.000554619,5776
1021,0.948,97080,14.401,0.119,0.000883392,0,0.000279546,0.00021592,2786
1022,1.899,321708,62.158,0.446,0.001766784,0,0.000531137,0.000300495,4900
1023,4.851,413400,221.548,1.432,0.004416961,0.002,0.000698864,0.000703151,4300
1024,2.9,271512,93.944,0.728,0.002650177,0,0.000503182,0.000409429,3792
1025,1.913,216188,52.453,0.422,0.001766784,0,0.000456591,0.000312217,3814
1026,5.746,1522220,515.882,2.893,0.005300353,0,0.001220683,0.000650089,9258
1027,1.913,216188,52.453,0.422,0.001766784,0,0.000456591,0.000312217,3814
1028,0.988,3164,4.445,0.047,0.000883392,0,6.52E-05,0.000246549,164
1029,0.974,16500,8.491,0.078,0.000883392,0,0.000139773,0.000221445,716
1030,0.967,41496,8.088,0.113,0.000883392,0,0.000177046,0.000209865,1136
1031,1.954,59500,25.877,0.275,0.001766784,0,0.000232955,0.000348653,1234
1032,3.847,575424,206.743,1.413,0.003533569,0.001,0.000754773,0.000476337,5444
1033,0.946,126480,13.48,0.13,0.000883392,0,0.000288864,0.000203417,2972
1034,4.845,490432,239.713,2.287,0.004416961,0,0.000736137,0.00052844,3484
1035,9.624,1578280,1162.621,6.063,0.008833922,0,0.001584092,0.000946784,7016
1036,2.919,129516,74.406,0.765,0.002650177,0,0.000400682,0.000387356,1776
1037,4.871,242424,201.933,1.93,0.004416961,0,0.000587046,0.000542977,2050
1038,5.809,603480,388.569,3.11,0.005300353,0,0.00087591,0.000606117,3690
1039,5.825,403580,339.708,3.03,0.005300353,0,0.000792046,0.000611919,2964
1040,0.954,62608,13.72,0.104,0.000883392,0,0.000242273,0.000216966,2102
1041,3.881,283216,161.143,1.262,0.003533569,0,0.000577728,0.000472576,3182
1042,0.954,62608,13.72,0.104,0.000883392,0,0.000242273,0.000216966,2102
1043,7.717,1010896,789.048,4.779,0.007067138,0,0.001248637,0.000783234,5764
1044,0.979,13584,6.037,0.083,0.000883392,0,0.000111818,0.00021977,464
1045,4.863,283152,227.84,1.871,0.004416961,0,0.000633637,0.000581361,2596
1046,1.953,58864,27.549,0.316,0.001766784,0,0.000242273,0.000296462,1198
1047,1.944,73160,37.538,0.312,0.001766784,0,0.000288864,0.000307405,1594
1048,1.977,5472,16.858,0.122,0.001766784,0,0.000111818,0.000387386,226
1049,1.966,17712,22.225,0.235,0.001766784,0,0.000167727,0.00034134,484
1050,5.822,615264,282.451,1.802,0.005300353,0.001,0.000810682,0.000697212,4512
1051,1.956,39456,27.086,0.291,0.001766784,0,0.000223637,0.000298095,982
1052,0.995,264,2,0.013,0.000883392,0,2.80E-05,0.000347377,32
1053,4.887,149256,170.76,1.107,0.004416961,0.002,0.000503182,0.00071644,1714
1054,3.912,99440,123.058,0.965,0.003533569,0,0.00041,0.000500698,1286
1055,0.956,76300,10.784,0.121,0.000883392,0,0.000232955,0.000202942,1946
1056,0.993,1088,2.715,0.024,0.000883392,0,3.73E-05,0.000277253,56
1057,0.982,7920,4.939,0.08,0.000883392,0,9.32E-05,0.000220512,326
1058,2.952,28224,46.067,0.452,0.002650177,0,0.000223637,0.000431398,558
1059,0.961,48136,10.428,0.107,0.000883392,0,0.000205,0.000209343,1514
1060,1.939,112336,36.714,0.34,0.001766784,0,0.000316818,0.000299009,2170
1061,1.946,84360,32.324,0.328,0.001766784,0,0.000279546,0.000297967,1600
1062,3.884,284640,135.63,0.83,0.003533569,0.001,0.000559091,0.000561529,3626
1063,1.954,43500,29.105,0.294,0.001766784,0,0.000232955,0.00029718,964
1064,0.993,736,2.715,0.024,0.000883392,0,3.73E-05,0.000278413,56
1065,1.964,16264,23.706,0.238,0.001766784,0,0.000177046,0.00032698,544
1066,4.887,116424,195,1.481,0.004416961,0,0.000503182,0.000600521,1444
1067,10.562,2243808,1193.702,4.662,0.009717314,0.003,0.001826365,0.001106614,9970
1068,3.886,328512,119.591,0.825,0.003533569,0.001,0.000549773,0.00058684,4796
1069,10.591,1737732,1087.485,4.239,0.009717314,0.002,0.001667956,0.001133516,8536
1070,4.82,707172,317.208,2.008,0.004416961,0,0.000866591,0.000558718,6232
1071,0.934,193496,15.043,0.15,0.000883392,0,0.000354091,0.000205604,4442
1072,0.991,980,3.619,0.025,0.000883392,0,4.66E-05,0.00027118,86
1073,2.918,184096,62.606,0.446,0.002650177,0.002,0.00041,0.000536621,3102
1074,0.972,23232,6.74,0.108,0.000883392,0,0.000149091,0.000202465,812
1075,1.96,35288,22.799,0.323,0.001766784,0,0.000205,0.000295184,742
1076,0.984,5904,4.852,0.069,0.000883392,0,8.39E-05,0.00022187,266
1077,0.959,44252,12.074,0.099,0.000883392,0,0.000214318,0.00021894,1652
1078,7.781,378240,488.963,2.336,0.007067138,0.001,0.000894546,0.000926613,2758
1079,1.963,19760,25.188,0.241,0.001766784,0,0.000186364,0.00033028,598
1080,3.922,68096,94.225,0.519,0.003533569,0.002,0.000354091,0.000734082,1436
1081,0.966,24168,10.918,0.084,0.000883392,0,0.000177046,0.000239588,1136
1082,0.966,24168,10.918,0.084,0.000883392,0,0.000177046,0.000239588,1136
1083,0.966,24168,10.918,0.084,0.000883392,0,0.000177046,0.000239588,1136
1084,3.904,121344,125.363,0.685,0.003533569,0,0.000447273,0.000605725,1886
1085,0.989,2064,3.704,0.046,0.000883392,0,5.59E-05,0.00024258,122
1086,1.977,11856,14.89,0.16,0.001766784,0,0.000111818,0.000341153,232
1087,3.936,37200,73.653,0.482,0.003533569,0.002,0.000279546,0.000715517,662
1088,1.973,11032,18.737,0.147,0.001766784,0,0.000130455,0.000424046,364
1089,1.973,11032,18.737,0.147,0.001766784,0,0.000130455,0.000424046,364
1090,1.968,23596,18.074,0.232,0.001766784,0,0.000158409,0.000326854,532
1091,0.993,992,2.715,0.024,0.000883392,0,3.73E-05,0.000279621,56
1092,0.982,7400,5.459,0.071,0.000883392,0,9.32E-05,0.000228419,326
1093,0.989,3072,3.704,0.046,0.000883392,0,5.59E-05,0.00023325,122
1094,0.975,14168,7.885,0.076,0.000883392,0,0.000130455,0.000220095,626
1095,1.968,15368,20.645,0.213,0.001766784,0,0.000158409,0.000330666,490
1096,1.979,5324,11.384,0.078,0.001766784,0.002,0.0001025,0.000558075,238
1097,2.945,51072,47.208,0.584,0.002650177,0,0.000260909,0.000411885,816
1098,8.695,949992,854.635,5.162,0.00795053,0,0.00128591,0.000866038,4842
1099,0.993,816,2.715,0.024,0.000883392,0,3.73E-05,0.000296344,56
1100,1.939,111792,33.105,0.378,0.001766784,0,0.000316818,0.000286681,1984
1101,0.968,21168,9.33,0.092,0.000883392,0,0.000167727,0.000228689,1022
1102,0.975,13664,7.885,0.076,0.000883392,0,0.000130455,0.000222251,626
1103,0.995,216,2,0.013,0.000883392,0,2.80E-05,0.000354046,32
1104,0.991,780,3.275,0.035,0.000883392,0,4.66E-05,0.000259731,86
1105,7.777,390060,504,2.566,0.007067138,0,0.000922501,0.000868059,2812
1106,0.989,1872,3.704,0.046,0.000883392,0,5.59E-05,0.000238084,122
1107,0.979,10032,6.037,0.083,0.000883392,0,0.000111818,0.000220125,464
1108,0.984,4968,4.39,0.079,0.000883392,0,8.39E-05,0.000219987,266
1109,0.977,11180,6.586,0.085,0.000883392,0,0.000121136,0.000234767,542
1110,0.977,11180,6.586,0.085,0.000883392,0,0.000121136,0.000234767,542
1111,0.977,11180,6.586,0.085,0.000883392,0,0.000121136,0.000234767,542
1112,5.845,271560,282.363,2.11,0.005300353,0,0.000680228,0.000652994,2226
1113,1.972,12960,16.918,0.207,0.001766784,0,0.000139773,0.000333475,394
1114,0.979,10320,6.037,0.083,0.000883392,0,0.000111818,0.000219538,464
1115,0.989,2736,3.704,0.046,0.000883392,0,5.59E-05,0.000246453,122
1116,0.976,19936,5.841,0.105,0.000883392,0,0.000130455,0.000204525,626
1117,0.979,12288,6.037,0.083,0.000883392,0,0.000111818,0.000209745,464
1118,0.993,832,2.715,0.024,0.000883392,0,3.73E-05,0.000283788,56
1119,0.993,816,2.715,0.024,0.000883392,0,3.73E-05,0.000280967,56
1120,0.991,1640,3.275,0.035,0.000883392,0,4.66E-05,0.000258363,86
1121,0.993,544,2.715,0.024,0.000883392,0,3.73E-05,0.0003031,56
1122,0.991,1320,3.275,0.035,0.000883392,0,4.66E-05,0.000256193,86
1123,1.98,2320,13.048,0.116,0.001766784,0,9.32E-05,0.000436311,166
1124,0.982,6680,5.459,0.071,0.000883392,0,9.32E-05,0.000216129,326
1125,0.995,252,2,0.013,0.000883392,0,2.80E-05,0.000356071,32
1126,0.986,3744,4.692,0.058,0.000883392,0,7.45E-05,0.0002419,212
1127,0.986,3040,5.186,0.049,0.000883392,0,7.45E-05,0.000240174,212
1128,0.989,1800,3.704,0.046,0.000883392,0,5.59E-05,0.000252048,122
1129,0.989,1296,3.704,0.046,0.000883392,0,5.59E-05,0.000254316,122
1130,0.993,704,2.715,0.024,0.000883392,0,3.73E-05,0.000284429,56
1131,0.991,760,3.275,0.035,0.000883392,0,4.66E-05,0.000288839,86
1132,0.991,600,3.275,0.035,0.000883392,0,4.66E-05,0.000284824,86
1133,0.995,132,2,0.013,0.000883392,0,2.80E-05,0.00036867,32
